Ind,Pop,Color,Longitude,Latitude
C3984,31,darkmagenta,-66.008133,46.5847
C3985,31,darkmagenta,-66.169433,46.54515
C3986,31,darkmagenta,-66.21698,46.52758
C4231,31,darkmagenta,-66.00969,46.58398
C4344,31,darkmagenta,-66.21698,46.52758
C4347,31,darkmagenta,-66.21658,46.52859
C4352,31,darkmagenta,-66.00819,46.58468
C4354,31,darkmagenta,-66.00822,46.58441
C4355,31,darkmagenta,-66.02469,46.5824
C4356,31,darkmagenta,-66.02299,46.58255
C4357,31,darkmagenta,-66.01537,46.58029
C4358,31,darkmagenta,-66.17027,46.54533
C4419,31,darkmagenta,-65.89082,46.60552
C4420,31,darkmagenta,-65.89097,46.60581
C4421,31,darkmagenta,-65.89088,46.60587
C4422,31,darkmagenta,-65.89094,46.6059
C4423,31,darkmagenta,-65.89078,46.60608
C4424,31,darkmagenta,-65.9077,46.60605
C4425,31,darkmagenta,-65.89091,46.60648
C4426,31,darkmagenta,-65.89056,46.60745
C4428,31,darkmagenta,-65.89034,46.60792
C4429,31,darkmagenta,-65.8899,46.60793
C4431,31,darkmagenta,-65.88992,46.60815
C4432,31,darkmagenta,-65.89039,46.6082
C4433,31,darkmagenta,-65.89034,46.60836
C4434,31,darkmagenta,-65.87818,46.61801
C4436,31,darkmagenta,-66.16756,46.54517
C4437,31,darkmagenta,-66.16759,46.5453
C4438,31,darkmagenta,-66.16782,46.54521
C4439,31,darkmagenta,-66.16803,46.54504
C4443,31,darkmagenta,-66.16879,46.54493
C4444,31,darkmagenta,-66.16939,46.54502
C4445,31,darkmagenta,-66.16948,46.54495
C4446,31,darkmagenta,-66.16959,46.54527
C4447,31,darkmagenta,-66.17075,46.54532
C4449,31,darkmagenta,-66.17049,46.5454
C4450,31,darkmagenta,-66.16978,46.54542
C4451,31,darkmagenta,-66.16739,46.54615
C4531,31,darkmagenta,-65.88141,46.61545
C1615,31,darkmagenta,-66.0242642,46.5798023
C1616,31,darkmagenta,-66.0255204,46.5806991
C1617,31,darkmagenta,-66.0260272,46.5797852
C1618,31,darkmagenta,-66.0260447,46.5801817
C1619,31,darkmagenta,-66.0257488,46.580579
C1620,31,darkmagenta,-66.0252398,46.5808178
C1621,31,darkmagenta,-66.0239152,46.5811703
C1622,31,darkmagenta,-66.0237514,46.581301
C1623,31,darkmagenta,-66.0232172,46.5815211
C1624,31,darkmagenta,-66.0248052,46.5808874
C1625,31,darkmagenta,-66.0246294,46.5809999
C1626,31,darkmagenta,-66.0256805,46.5813512
C1627,31,darkmagenta,-66.0259166,46.5813304
C1628,31,darkmagenta,-66.0260946,46.581416
C1632,31,darkmagenta,-66.0264886,46.5818493
C1633,31,darkmagenta,-66.026569,46.5820493
C1634,31,darkmagenta,-66.0265789,46.5823466
C1635,31,darkmagenta,-66.0265444,46.5824987
C1636,31,darkmagenta,-66.026482,46.5826861
C1637,31,darkmagenta,-66.0266531,46.5828975
C1638,31,darkmagenta,-66.0266448,46.5830503
C1639,31,darkmagenta,-66.0264183,46.5831344
C1640,31,darkmagenta,-66.026765,46.5829995
C1641,31,darkmagenta,-66.026902,46.58312
C1642,31,darkmagenta,-66.0266996,46.5827638
C1643,31,darkmagenta,-66.0267321,46.5826476
C1644,31,darkmagenta,-66.0266898,46.5824665
C1645,31,darkmagenta,-66.0268892,46.5823997
C1646,31,darkmagenta,-66.0267773,46.5822978
C1647,31,darkmagenta,-66.026916,46.5821484
C1648,31,darkmagenta,-66.0269018,46.581932
C1649,31,darkmagenta,-66.026855,46.5818318
C1650,31,darkmagenta,-66.0268213,46.5817319
C1651,31,darkmagenta,-66.0267483,46.581397
C1652,31,darkmagenta,-66.0267021,46.5812878
C1653,31,darkmagenta,-66.0265491,46.5812208
C1654,31,darkmagenta,-66.0263974,46.5813699
C3202,31,darkmagenta,-66.22345,46.52545
C3248,31,darkmagenta,-66.22122,46.52693
C3281,31,darkmagenta,-66.22003,46.52723
C3304,31,darkmagenta,-66.22307,46.52577
C3326,31,darkmagenta,-66.22222,46.52655
C3332,31,darkmagenta,-66.22435,46.52513
C3333,31,darkmagenta,-66.21975,46.52648
C3339,31,darkmagenta,-66.221,46.52593
C3346,31,darkmagenta,-66.21865,46.52722
C3349,31,darkmagenta,-66.221,46.52723
C3367,31,darkmagenta,-66.21833,46.52697
C3374,31,darkmagenta,-66.22652,46.5248
C3384,31,darkmagenta,-66.2206,46.52607
C3403,31,darkmagenta,-66.2225,46.52677
C3405,31,darkmagenta,-66.21907,46.52663
C3408,31,darkmagenta,-66.2231,46.52558
C4543,568,darkorchid3,-67.76541,46.80829
C4544,568,darkorchid3,-67.76573,46.80842
C4545,568,darkorchid3,-67.71828,46.81424
C4546,568,darkorchid3,-67.71803,46.81409
C4548,568,darkorchid3,-67.71873,46.81335
C4549,568,darkorchid3,-67.7203,46.81206
C4551,568,darkorchid3,-67.71926,46.8078
C4490,568,darkorchid3,-67.48239,46.79328
C4491,568,darkorchid3,-67.42652,46.85066
C4492,568,darkorchid3,-67.42666,46.85102
C4493,568,darkorchid3,-67.48272,46.79353
C4494,568,darkorchid3,-67.48274,46.79346
C4495,568,darkorchid3,-67.48192,46.79289
C4496,568,darkorchid3,-67.48261,46.79418
C4497,568,darkorchid3,-67.48536,46.79283
C4498,568,darkorchid3,-67.48504,46.79292
C4499,568,darkorchid3,-67.4834,46.79362
C4500,568,darkorchid3,-67.4831,46.79403
C4501,568,darkorchid3,-67.43448,46.8676
C4502,568,darkorchid3,-67.43421,46.86742
C4503,568,darkorchid3,-67.46809,46.81286
C4504,568,darkorchid3,-67.51776,46.7825
C4694,568,darkorchid3,-67.70399,46.77589
C4695,568,darkorchid3,-67.704,46.77518
C4470,568,darkorchid3,-67.74347,46.5911
C4471,568,darkorchid3,-67.74315,46.5899
C4472,568,darkorchid3,-67.74337,46.58899
C4473,568,darkorchid3,-67.74411,46.58886
C4474,568,darkorchid3,-67.74245,46.58837
C4475,568,darkorchid3,-67.74279,46.58727
C4476,568,darkorchid3,-67.74364,46.58609
C4478,568,darkorchid3,-67.74606,46.58523
C4479,568,darkorchid3,-67.74587,46.58565
C4480,568,darkorchid3,-67.74626,46.58609
C4481,568,darkorchid3,-67.74694,46.58758
C4482,568,darkorchid3,-67.74605,46.58723
C4483,568,darkorchid3,-67.74406,46.58685
C4484,568,darkorchid3,-67.74434,46.58718
C4485,568,darkorchid3,-67.74468,46.58895
C4487,568,darkorchid3,-67.74577,46.58831
C4488,568,darkorchid3,-67.74748,46.58952
C4489,568,darkorchid3,-67.74723,46.5918
C4505,568,darkorchid3,-67.69682,46.76226
C4506,568,darkorchid3,-67.69682,46.76227
C4507,568,darkorchid3,-67.69671,46.76189
C4508,568,darkorchid3,-67.69657,46.76146
C4535,568,darkorchid3,-67.72974,46.79257
C4536,568,darkorchid3,-67.72959,46.79247
C4537,568,darkorchid3,-67.72951,46.79238
C4538,568,darkorchid3,-67.72943,46.79241
C4539,568,darkorchid3,-67.72942,46.79247
C4540,568,darkorchid3,-67.72942,46.79255
C4541,568,darkorchid3,-67.72945,46.79256
C4542,568,darkorchid3,-67.72968,46.779342
C4550,568,darkorchid3,-67.72156,46.79974
C4553,568,darkorchid3,-67.71947,46.80681
C4554,568,darkorchid3,-67.71982,46.80603
C4555,568,darkorchid3,-67.7196,46.67613
C4556,568,darkorchid3,-67.71926,46.67606
C4557,568,darkorchid3,-67.71908,46.67564
C4558,568,darkorchid3,-67.71942,46.67532
C4559,568,darkorchid3,-67.71944,46.67503
C4560,568,darkorchid3,-67.71945,46.6748
C4561,568,darkorchid3,-67.7195,46.67473
C4562,568,darkorchid3,-67.71942,46.67374
C4563,568,darkorchid3,-67.71945,46.67352
C4564,568,darkorchid3,-67.7196,46.67312
C4582,568,darkorchid3,-67.7437,46.54558
C4583,568,darkorchid3,-67.74338,46.54416
C4584,568,darkorchid3,-67.74328,46.54373
C4585,568,darkorchid3,-67.74299,46.54293
C4586,568,darkorchid3,-67.73935,46.54274
C4587,568,darkorchid3,-67.73975,46.54368
C4588,568,darkorchid3,-67.73967,46.54455
C4589,568,darkorchid3,-67.73974,46.54472
C4590,568,darkorchid3,-67.73973,46.54492
C4591,568,darkorchid3,-67.73964,46.54522
C4592,568,darkorchid3,-67.73926,46.54635
C4593,568,darkorchid3,-67.73931,46.54643
C4594,568,darkorchid3,-67.74079,46.54812
C4595,568,darkorchid3,-67.74065,46.55057
C4596,568,darkorchid3,-67.74052,46.55053
C4597,568,darkorchid3,-67.7405,46.55056
C4598,568,darkorchid3,-67.74055,46.55066
C4693,568,darkorchid3,-67.70884,46.7767
C4696,568,darkorchid3,-67.69806,46.76454
C3290,568,darkorchid3,-67.74537,46.58923
C3179,568,darkorchid3,-67.74717,46.5919
C3181,568,darkorchid3,-67.74417,46.58872
C3188,568,darkorchid3,-67.74478,46.5877
C3190,568,darkorchid3,-67.74537,46.58923
C3192,568,darkorchid3,-67.74458,46.58938
C3193,568,darkorchid3,-67.74605,46.58963
C3201,568,darkorchid3,-67.74443,46.58727
C3232,568,darkorchid3,-67.7447,46.58927
C3236,568,darkorchid3,-67.74492,46.59042
C3249,568,darkorchid3,-67.74527,46.59018
C3250,568,darkorchid3,-67.74435,46.58935
C3251,568,darkorchid3,-67.74725,46.59118
C3252,568,darkorchid3,-67.74463,46.58732
C3253,568,darkorchid3,-67.74478,46.58915
C3255,568,darkorchid3,-67.74375,46.59005
C3277,568,darkorchid3,-67.74417,46.58888
C3315,568,darkorchid3,-67.74428,46.59058
C3350,568,darkorchid3,-67.74408,46.59045
C3360,568,darkorchid3,-67.74458,46.59077
C3386,568,darkorchid3,-67.74488,46.5884
C3392,568,darkorchid3,-67.74445,46.5893
C3288,568,darkorchid3,-67.74478,46.5877
C3293,568,darkorchid3,-67.74605,46.58963
C4018,1014,deeppink3,-65.557611,45.707194
C3980,1014,deeppink3,-66.169338,45.438321
C3987,1014,deeppink3,-66.173779,45.441761
C3988,1014,deeppink3,-66.122472,45.633334
C3989,1014,deeppink3,-66.122858,45.633238
C3997,1014,deeppink3,-66.122602,45.63424
C4011,1014,deeppink3,-65.39142,45.773113
C4017,1014,deeppink3,-65.35059,45.95345
C4296,1014,deeppink3,-65.8775,45.56496
C4301,1014,deeppink3,-65.86193,45.64833
C4302,1014,deeppink3,-65.81391,45.67894
C4303,1014,deeppink3,-65.81413,45.67896
C4304,1014,deeppink3,-65.81417,45.67921
C4305,1014,deeppink3,-65.81559,45.6669
C4452,1014,deeppink3,-65.50287,45.73407
C4453,1014,deeppink3,-65.47487,45.71189
C4455,1014,deeppink3,-65.47464,45.7115
C4456,1014,deeppink3,-65.47549,45.71281
C4457,1014,deeppink3,-65.4754,45.71318
C4459,1014,deeppink3,-65.50626,45.72485
C4460,1014,deeppink3,-65.50636,45.72479
C4461,1014,deeppink3,-65.507,45.72456
C4464,1014,deeppink3,-65.47634,45.71558
C4467,1014,deeppink3,-65.47678,45.71579
C4468,1014,deeppink3,-65.47665,45.71779
C4783,1014,deeppink3,-65.3239,46.01134
C4786,1014,deeppink3,-65.32406,46.01204
C4789,1014,deeppink3,-65.32376,46.01226
C4891,1014,deeppink3,-65.31928,46.01513
C4892,1014,deeppink3,-65.31964,46.01468
C4893,1014,deeppink3,-65.31942,46.01396
C4894,1014,deeppink3,-65.31944,46.01391
C4895,1014,deeppink3,-65.31952,46.01376
C4896,1014,deeppink3,-65.31919,46.01356
C4897,1014,deeppink3,-65.31962,46.01329
C4898,1014,deeppink3,-65.31878,46.01289
C4899,1014,deeppink3,-65.32072,46.01294
C4900,1014,deeppink3,-65.32136,46.01378
C4901,1014,deeppink3,-65.32207,46.01352
C4902,1014,deeppink3,-65.32262,46.01208
C4903,1014,deeppink3,-65.32246,46.01182
C4904,1014,deeppink3,-65.32277,46.01175
C4905,1014,deeppink3,-65.32296,46.01157
C4906,1014,deeppink3,-65.32362,46.01154
C3263,1014,deeppink3,-66.12552,45.46955
C3271,1014,deeppink3,-66.12552,45.46955
C3272,1014,deeppink3,-66.12552,45.46955
C3276,1014,deeppink3,-66.12552,45.46955
C3280,1014,deeppink3,-66.12552,45.46955
C3305,1014,deeppink3,-66.12552,45.46955
C3306,1014,deeppink3,-66.12552,45.46955
C3324,1014,deeppink3,-66.12552,45.46955
C3327,1014,deeppink3,-66.12552,45.46955
C3328,1014,deeppink3,-66.12552,45.46955
C3329,1014,deeppink3,-66.12552,45.46955
C3331,1014,deeppink3,-66.12552,45.46955
C3334,1014,deeppink3,-66.12552,45.46955
C3336,1014,deeppink3,-66.12552,45.46955
C3340,1014,deeppink3,-66.12552,45.46955
C3341,1014,deeppink3,-66.12552,45.46955
C3364,1014,deeppink3,-66.12552,45.46955
C3409,1014,deeppink3,-66.12552,45.46955
C3418,1014,deeppink3,-66.12552,45.46955
C3419,1014,deeppink3,-66.12552,45.46955
C3168,1014,deeppink3,-65.3194,46.01412
C3170,1014,deeppink3,-65.31957,46.01388
C3176,1014,deeppink3,-65.31915,46.01357
C3214,1014,deeppink3,-65.3193,46.0138
C3216,1014,deeppink3,-65.31933,46.01372
C3227,1014,deeppink3,-65.31953,46.01322
C3228,1014,deeppink3,-65.32067,46.01323
C3257,1014,deeppink3,-65.31945,46.01378
C3275,1014,deeppink3,-65.32163,46.01392
C3278,1014,deeppink3,-65.31948,46.01305
C3279,1014,deeppink3,-65.32083,46.01393
C3296,1014,deeppink3,-65.32143,46.01388
C3311,1014,deeppink3,-65.32097,46.01353
C3321,1014,deeppink3,-65.32025,46.01272
C3322,1014,deeppink3,-65.31948,46.01323
C3347,1014,deeppink3,-65.32063,46.01387
C3356,1014,deeppink3,-65.31877,46.01288
C3237,1014,deeppink3,-65.90425,45.5082
C3267,1014,deeppink3,-65.9001,45.51258
C3303,1014,deeppink3,-65.90413,45.50905
C3317,1014,deeppink3,-65.90372,45.50978
C3337,1014,deeppink3,-65.90002,45.51267
C3355,1014,deeppink3,-65.90425,45.50835
C3373,1014,deeppink3,-65.90407,45.50907
C3375,1014,deeppink3,-65.92852,45.49233
C3376,1014,deeppink3,-65.91717,45.50238
C3396,1014,deeppink3,-65.90413,45.50895
C3397,1014,deeppink3,-65.9143,45.50348
C3401,1014,deeppink3,-65.90112,45.51218
C3410,1014,deeppink3,-65.90013,45.5126
C3426,1014,deeppink3,-65.9041,45.50883
C3203,1014,deeppink3,-65.44897,45.69917
C3245,1014,deeppink3,-65.44883,45.69812
C3297,1014,deeppink3,-65.44683,45.69842
C3299,1014,deeppink3,-65.44108,45.69573
C3302,1014,deeppink3,-65.44983,45.69878
C3307,1014,deeppink3,-65.44868,45.69893
C3310,1014,deeppink3,-65.4426,45.69753
C3312,1014,deeppink3,-65.446,45.69767
C3318,1014,deeppink3,-65.44113,45.69643
C3345,1014,deeppink3,-65.44327,45.69808
C3362,1014,deeppink3,-65.44008,45.69513
C3371,1014,deeppink3,-65.44152,45.69785
C3372,1014,deeppink3,-65.44195,45.69697
C3380,1014,deeppink3,-65.44828,45.69875
C3393,1014,deeppink3,-65.44212,45.69723
C3416,1014,deeppink3,-65.44115,45.69608
C3417,1014,deeppink3,-65.44623,45.698
C4569,7917,darkviolet,-67.77381,46.11324
C4570,7917,darkviolet,-67.77499,46.11107
C4571,7917,darkviolet,-67.7771,46.11139
C4572,7917,darkviolet,-67.77909,46.11143
C4573,7917,darkviolet,-67.78116,46.1117
C4574,7917,darkviolet,-67.78122,46.11113
C4575,7917,darkviolet,-67.78121,46.1109
C4576,7917,darkviolet,-67.78129,46.11028
C4577,7917,darkviolet,-67.78123,46.1098
C4578,7917,darkviolet,-67.77178,46.1112
C4599,7917,darkviolet,-67.72555,46.2172
C4600,7917,darkviolet,-67.7246,46.21785
C4601,7917,darkviolet,-67.7232,46.2182
C4602,7917,darkviolet,-67.72469,46.21805
C4603,7917,darkviolet,-67.68544,46.19737
C4604,7917,darkviolet,-67.68401,46.1962
C4605,7917,darkviolet,-67.68528,46.19742
C4606,7917,darkviolet,-67.68135,46.19442
C4607,7917,darkviolet,-67.67998,46.19508
C4608,7917,darkviolet,-67.67991,46.19519
C4609,7917,darkviolet,-67.67983,46.19467
C4610,7917,darkviolet,-67.68012,46.19418
C4611,7917,darkviolet,-67.67768,46.1909
C4612,7917,darkviolet,-67.68191,46.19322
C4613,7917,darkviolet,-67.68212,46.19322
C4614,7917,darkviolet,-67.59586,46.15875
C4615,7917,darkviolet,-67.59626,46.15872
C4616,7917,darkviolet,-67.59731,46.15864
C4617,7917,darkviolet,-67.6671,46.17584
C4618,7917,darkviolet,-67.67003,46.17844
C4619,7917,darkviolet,-67.69521,46.19216
C4620,7917,darkviolet,-67.6722,46.19211
C4621,7917,darkviolet,-67.67352,46.19163
C4622,7917,darkviolet,-67.73211,46.22433
C4623,7917,darkviolet,-67.72203,46.22078
C4624,7917,darkviolet,-67.72523,46.21958
C4625,7917,darkviolet,-67.72469,46.21936
C4626,7917,darkviolet,-67.7235,46.21986
C4627,7917,darkviolet,-67.72304,46.22002
C4628,7917,darkviolet,-67.73231,46.22427
C4629,7917,darkviolet,-67.73234,46.22438
C4630,7917,darkviolet,-67.73234,46.22438
C4631,7917,darkviolet,-67.73234,46.22438
C4632,7917,darkviolet,-67.77552,46.11082
C3939,7917,darkviolet,-67.46129,45.89572
C3940,7917,darkviolet,-67.46123,45.89587
C3945,7917,darkviolet,-67.2463,45.96757
C3946,7917,darkviolet,-67.2463,45.96737
C3947,7917,darkviolet,-67.24599,45.96743
C3948,7917,darkviolet,-67.24588,45.96752
C3949,7917,darkviolet,-67.24504,45.96681
C3950,7917,darkviolet,-67.24681,45.96752
C4520,7917,darkviolet,-67.63135,45.90736
C4521,7917,darkviolet,-67.63134,45.90734
C4522,7917,darkviolet,-67.62744,45.90804
C4523,7917,darkviolet,-67.62766,45.90809
C4524,7917,darkviolet,-67.62741,45.90824
C4525,7917,darkviolet,-67.62463,45.90866
C4565,7917,darkviolet,-67.76267,46.11394
C4566,7917,darkviolet,-67.76341,46.11412
C4567,7917,darkviolet,-67.76369,46.1144
C4568,7917,darkviolet,-67.76855,46.11431
C4579,7917,darkviolet,-67.76357,46.11448
C4580,7917,darkviolet,-67.76322,46.11449
C4581,7917,darkviolet,-67.76293,46.11437
C4692,7917,darkviolet,-67.76523,46.11477
C3182,7917,darkviolet,-67.53717,46.02178
C3189,7917,darkviolet,-67.53753,46.02133
C3191,7917,darkviolet,-67.53795,46.02135
C3196,7917,darkviolet,-67.537,46.02148
C3208,7917,darkviolet,-67.5386,46.02123
C3211,7917,darkviolet,-67.5381,46.02108
C3212,7917,darkviolet,-67.53848,46.02138
C3213,7917,darkviolet,-67.53757,46.02157
C3215,7917,darkviolet,-67.53838,46.02135
C3217,7917,darkviolet,-67.54932,46.03568
C3225,7917,darkviolet,-67.52642,46.01485
C3226,7917,darkviolet,-67.53842,46.02125
C3238,7917,darkviolet,-67.53713,46.02145
C3239,7917,darkviolet,-67.53717,46.0215
C3269,7917,darkviolet,-67.54913,46.03562
C3273,7917,darkviolet,-67.54937,46.0357
C3274,7917,darkviolet,-67.5386,46.0213
C3354,7917,darkviolet,-67.53852,46.02127
C3361,7917,darkviolet,-67.52622,46.0147
C3289,7917,darkviolet,-67.53753,46.02133
C3169,7917,darkviolet,-67.74898,45.8021
C3178,7917,darkviolet,-67.74873,45.80197
C3199,7917,darkviolet,-67.7484,45.802
C3224,7917,darkviolet,-67.74855,45.8018
C3246,7917,darkviolet,-67.74837,45.8024
C3254,7917,darkviolet,-67.74817,45.80217
C3260,7917,darkviolet,-67.74832,45.80208
C3261,7917,darkviolet,-67.74743,45.8016
C3268,7917,darkviolet,-67.74828,45.80263
C3298,7917,darkviolet,-67.74803,45.80253
C3316,7917,darkviolet,-67.7487,45.80155
C3320,7917,darkviolet,-67.74818,45.8016
C3323,7917,darkviolet,-67.74865,45.80175
C3335,7917,darkviolet,-67.74843,45.80227
C3338,7917,darkviolet,-67.7486,45.80203
C3387,7917,darkviolet,-67.7478,45.802
C4151,9101113a,deeppink,-66.49139,45.85282
C4152,9101113a,deeppink,-66.49198,45.85253
C4153,9101113a,deeppink,-66.4926,45.85251
C4154,9101113a,deeppink,-66.49263,45.85255
C4155,9101113a,deeppink,-66.49258,45.85262
C4156,9101113a,deeppink,-66.49371,45.85289
C4157,9101113a,deeppink,-66.49394,45.85294
C4158,9101113a,deeppink,-66.49369,45.85309
C4159,9101113a,deeppink,-66.49464,45.85323
C4160,9101113a,deeppink,-66.49459,45.85329
C4161,9101113a,deeppink,-66.49532,45.85361
C4162,9101113a,deeppink,-66.49548,45.85362
C4163,9101113a,deeppink,-66.49554,45.85373
C4164,9101113a,deeppink,-66.49641,45.8542
C4165,9101113a,deeppink,-66.50516,45.86591
C4248,9101113a,deeppink,-66.53136,45.78881
C4254,9101113a,deeppink,-66.49132,45.85263
C4371,9101113a,deeppink,-66.53119,45.78853
C4373,9101113a,deeppink,-66.53109,45.78716
C3936,9101113a,deeppink,-66.42884,45.8931
C3937,9101113a,deeppink,-66.42612,45.89325
C3938,9101113a,deeppink,-66.41358,45.90009
C3944,9101113a,deeppink,-66.36237,45.8847
C3951,9101113a,deeppink,-66.35624,45.89185
C3952,9101113a,deeppink,-66.35789,45.89383
C3953,9101113a,deeppink,-66.35698,45.89385
C3954,9101113a,deeppink,-66.35604,45.8932
C3955,9101113a,deeppink,-66.35604,45.8932
C3961,9101113a,deeppink,-66.298742,45.883303
C3968,9101113a,deeppink,-66.41367,45.900014
C3969,9101113a,deeppink,-66.41236,45.91625
C3970,9101113a,deeppink,-66.413,45.899138
C3972,9101113a,deeppink,-66.42908,45.89374
C3973,9101113a,deeppink,-66.42385,45.89117
C3974,9101113a,deeppink,-66.27177,45.89337
C3975,9101113a,deeppink,-66.27171,45.89312
C3976,9101113a,deeppink,-66.2718,45.89296
C3977,9101113a,deeppink,-66.27182,45.89287
C3978,9101113a,deeppink,-66.2718,45.89287
C4024,9101113a,deeppink,-66.307246,45.888071
C4025,9101113a,deeppink,-66.307106,45.887797
C4026,9101113a,deeppink,-66.309331,45.887904
C4027,9101113a,deeppink,-66.301947,45.885985
C4028,9101113a,deeppink,-66.307648,45.888005
C4029,9101113a,deeppink,-66.304459,45.887306
C4030,9101113a,deeppink,-66.306316,45.887816
C4031,9101113a,deeppink,-66.306733,45.887816
C4032,9101113a,deeppink,-66.299376,45.88417
C4033,9101113a,deeppink,-66.303377,45.886851
C4034,9101113a,deeppink,-66.300982,45.885406
C4035,9101113a,deeppink,-66.305264,45.887683
C4039,9101113a,deeppink,-66.493343,45.858093
C4041,9101113a,deeppink,-66.494987,45.859409
C4042,9101113a,deeppink,-66.496167,45.859494
C4043,9101113a,deeppink,-66.501968,45.864037
C4044,9101113a,deeppink,-66.502388,45.864645
C4045,9101113a,deeppink,-66.493916,45.858277
C4046,9101113a,deeppink,-66.494833,45.859
C4047,9101113a,deeppink,-66.493861,45.857583
C4048,9101113a,deeppink,-66.496083,45.859722
C4049,9101113a,deeppink,-66.492146,45.857388
C4050,9101113a,deeppink,-66.492638,45.857527
C4051,9101113a,deeppink,-66.492472,45.8575
C4055,9101113a,deeppink,-66.48888,45.85557
C4056,9101113a,deeppink,-66.48937,45.85587
C4057,9101113a,deeppink,-66.4895,45.85583
C4058,9101113a,deeppink,-66.48945,45.8559
C4059,9101113a,deeppink,-66.48981,45.85624
C4060,9101113a,deeppink,-66.48876,45.85547
C4061,9101113a,deeppink,-66.4913,45.85674
C4064,9101113a,deeppink,-66.48834,45.85545
C4067,9101113a,deeppink,-66.48995,45.8561
C4068,9101113a,deeppink,-66.49078,45.85688
C4068B,9101113a,deeppink,-66.49026,45.85649
C4069,9101113a,deeppink,-66.48995,45.8561
C4069B,9101113a,deeppink,-66.49026,45.85649
C4070,9101113a,deeppink,-66.49223,45.85714
C4071,9101113a,deeppink,-66.49223,45.85714
C4072,9101113a,deeppink,-66.49203,45.85738
C4075,9101113a,deeppink,-66.50763,45.86805
C4076,9101113a,deeppink,-66.50772,45.8684
C4079,9101113a,deeppink,-66.49222,45.85731
C4080,9101113a,deeppink,-66.48711,45.85475
C4081,9101113a,deeppink,-66.48421,45.85268
C4082,9101113a,deeppink,-66.48364,45.85434
C4083,9101113a,deeppink,-66.48415,45.85434
C4084,9101113a,deeppink,-66.48201,45.85403
C4086,9101113a,deeppink,-66.48022,45.85249
C4088,9101113a,deeppink,-66.48029,45.85262
C4089,9101113a,deeppink,-66.4809,45.85205
C4092,9101113a,deeppink,-66.48181,45.85229
C4093,9101113a,deeppink,-66.48542,45.85485
C4094,9101113a,deeppink,-66.48032,45.85251
C4095,9101113a,deeppink,-66.48164,45.85238
C4096,9101113a,deeppink,-66.48682,45.8553
C4097,9101113a,deeppink,-66.48503,45.85472
C4098,9101113a,deeppink,-66.48592,45.8549
C4099,9101113a,deeppink,-66.4855,45.85455
C4100,9101113a,deeppink,-66.48473,45.85465
C4101,9101113a,deeppink,-66.48515,45.85477
C4103,9101113a,deeppink,-66.48655,45.8548
C4104,9101113a,deeppink,-66.48678,45.85475
C4105,9101113a,deeppink,-66.48647,45.85486
C4106,9101113a,deeppink,-66.48727,45.85483
C4107,9101113a,deeppink,-66.48737,45.85518
C4108,9101113a,deeppink,-66.4872,45.85514
C4110,9101113a,deeppink,-66.4882,45.8556
C4111,9101113a,deeppink,-66.48828,45.85555
C4112,9101113a,deeppink,-66.48838,45.85546
C4113,9101113a,deeppink,-66.48737,45.85477
C4115,9101113a,deeppink,-66.48786,45.85502
C4116,9101113a,deeppink,-66.4835,45.85435
C4117,9101113a,deeppink,-66.48544,45.85463
C4118,9101113a,deeppink,-66.47971,45.85226
C4119,9101113a,deeppink,-66.48573,45.85477
C4122,9101113a,deeppink,-66.48685,45.85534
C4125,9101113a,deeppink,-66.47945,45.85256
C4126,9101113a,deeppink,-66.4795,45.85233
C4127,9101113a,deeppink,-66.4799,45.85241
C4129,9101113a,deeppink,-66.48096,45.8521
C4130,9101113a,deeppink,-66.48696,45.85472
C4131,9101113a,deeppink,-66.479,45.85268
C4132,9101113a,deeppink,-66.47925,45.85259
C4133,9101113a,deeppink,-66.48794,45.85509
C4134,9101113a,deeppink,-66.48786,45.85522
C4135,9101113a,deeppink,-66.48776,45.85534
C4136,9101113a,deeppink,-66.36457,45.89261
C4137,9101113a,deeppink,-66.48452,45.85258
C4138,9101113a,deeppink,-66.48601,45.85315
C4139,9101113a,deeppink,-66.48646,45.85317
C4140,9101113a,deeppink,-66.4866,45.85308
C4141,9101113a,deeppink,-66.48733,45.85287
C4142,9101113a,deeppink,-66.48739,45.85293
C4143,9101113a,deeppink,-66.48835,45.85291
C4144,9101113a,deeppink,-66.48889,45.8527
C4146,9101113a,deeppink,-66.48891,45.85297
C4166,9101113a,deeppink,-66.22008,46.05904
C4167,9101113a,deeppink,-66.22143,46.06123
C4236,9101113a,deeppink,-66.36519,45.89359
C4237,9101113a,deeppink,-66.36536,45.89288
C4238,9101113a,deeppink,-66.36349,45.89005
C4239,9101113a,deeppink,-66.36403,45.8926
C4240,9101113a,deeppink,-66.36497,45.8939
C4241,9101113a,deeppink,-66.36111,45.88865
C4242,9101113a,deeppink,-66.36079,45.88886
C4245,9101113a,deeppink,-66.3006,45.88605
C4246,9101113a,deeppink,-66.30057,45.88495
C4247,9101113a,deeppink,-66.29263,45.87758
C4249,9101113a,deeppink,-66.4846,45.8547
C4250,9101113a,deeppink,-66.47952,45.85265
C4252,9101113a,deeppink,-66.48749,45.85497
C4253,9101113a,deeppink,-66.48768,45.85501
C4255,9101113a,deeppink,-66.29869,45.88346
C4256,9101113a,deeppink,-66.29688,45.8814
C4257,9101113a,deeppink,-66.28997,45.87606
C4363,9101113a,deeppink,-66.48003,45.85229
C4365,9101113a,deeppink,-66.50027,45.86282
C4366,9101113a,deeppink,-66.4867,45.85379
C4367,9101113a,deeppink,-66.4873,45.85491
C4368,9101113a,deeppink,-66.5025,45.86455
C4369,9101113a,deeppink,-66.50404,45.86573
C4375,9101113a,deeppink,-66.4875,45.89002
C4377,9101113a,deeppink,-66.49091,45.88819
C4379,9101113a,deeppink,-66.49098,45.88776
C4383,9101113a,deeppink,-66.4921,45.88694
C4390,9101113a,deeppink,-66.49261,45.88464
C4391,9101113a,deeppink,-66.49337,45.88483
C4392,9101113a,deeppink,-66.49368,45.8847
C4393,9101113a,deeppink,-66.49374,45.88417
C4397,9101113a,deeppink,-66.49498,45.88301
C4399,9101113a,deeppink,-66.49511,45.88217
C4401,9101113a,deeppink,-66.49598,45.88218
C4402,9101113a,deeppink,-66.49625,45.88181
C4403,9101113a,deeppink,-66.49641,45.8816
C4404,9101113a,deeppink,-66.49689,45.88096
C4405,9101113a,deeppink,-66.49678,45.88114
C4413,9101113a,deeppink,-66.49416,45.8801
C4414,9101113a,deeppink,-66.49234,45.88634
C4514,9101113a,deeppink,-66.48139,45.85098
C4515,9101113a,deeppink,-66.48317,45.85149
C4516,9101113a,deeppink,-66.46942,45.85464
C4517,9101113a,deeppink,-66.47015,45.8548
C4518,9101113a,deeppink,-66.47016,45.85483
C4519,9101113a,deeppink,-66.47025,45.85462
C4526,9101113a,deeppink,-66.27884,45.88981
C4527,9101113a,deeppink,-66.28076,45.89304
C4528,9101113a,deeppink,-66.28044,45.89278
C4532,9101113a,deeppink,-66.40327,45.87734
C4533,9101113a,deeppink,-66.36336,45.89026
C4534,9101113a,deeppink,-66.3638,45.88848
C4697,9101113a,deeppink,-66.39405,45.87774
C4698,9101113a,deeppink,-66.36361,45.89193
C4699,9101113a,deeppink,-66.38107,45.88245
C4700,9101113a,deeppink,-66.38047,45.88568
C1541,9101113a,deeppink,-66.2998834,45.8854515
C1542,9101113a,deeppink,-66.2996161,45.8859133
C1544,9101113a,deeppink,-66.3008952,45.8855835
C1546,9101113a,deeppink,-66.2997387,45.884449
C1547,9101113a,deeppink,-66.2999835,45.8847158
C1548,9101113a,deeppink,-66.3005528,45.8849363
C1551,9101113a,deeppink,-66.3017143,45.8857018
C1553,9101113a,deeppink,-66.3032891,45.8864501
C1554,9101113a,deeppink,-66.3034026,45.8867678
C1555,9101113a,deeppink,-66.3039826,45.8870335
C1556,9101113a,deeppink,-66.3045128,45.886731
C1557,9101113a,deeppink,-66.3051282,45.8873306
C1558,9101113a,deeppink,-66.3052786,45.8876852
C1559,9101113a,deeppink,-66.306115,45.8877139
C1560,9101113a,deeppink,-66.3066797,45.8877632
C1561,9101113a,deeppink,-66.3071397,45.8878461
C1562,9101113a,deeppink,-66.3074199,45.8879157
C1563,9101113a,deeppink,-66.3076832,45.8875349
C1564,9101113a,deeppink,-66.3083167,45.8874958
C1565,9101113a,deeppink,-66.3086457,45.8876206
C1566,9101113a,deeppink,-66.3089881,45.8877367
C1567,9101113a,deeppink,-66.3093678,45.8878806
C1568,9101113a,deeppink,-66.3101715,45.8880526
C1569,9101113a,deeppink,-66.3106213,45.8880812
C1570,9101113a,deeppink,-66.3113493,45.8876843
C1571,9101113a,deeppink,-66.3112714,45.8874304
C1572,9101113a,deeppink,-66.310747,45.8873461
C1573,9101113a,deeppink,-66.3118529,45.8873991
C1574,9101113a,deeppink,-66.3122171,45.8875967
C1576,9101113a,deeppink,-66.3129533,45.887299
C1577,9101113a,deeppink,-66.3140508,45.8859207
C1578,9101113a,deeppink,-66.3128832,45.8874143
C1579,9101113a,deeppink,-66.3126454,45.8859326
C3990,9101113b,lightpink,-66.669269,45.963994
C3991,9101113b,lightpink,-66.667105,45.96427
C3992,9101113b,lightpink,-66.667009,45.964323
C3993,9101113b,lightpink,-66.666862,45.964276
C3994,9101113b,lightpink,-66.668267,45.964183
C4172,9101113b,lightpink,-66.69308,45.98742
C4173,9101113b,lightpink,-66.6918,45.98801
C4232,9101113b,lightpink,-66.64687,45.9617
C4234,9101113b,lightpink,-66.64687,45.9617
C4259,9101113b,lightpink,-66.78109,45.96775
C4260,9101113b,lightpink,-66.78146,45.96796
C4261,9101113b,lightpink,-66.76376,45.96838
C4262,9101113b,lightpink,-66.75617,45.96694
C4263,9101113b,lightpink,-66.75663,45.96708
C4264,9101113b,lightpink,-66.75637,45.96746
C4265,9101113b,lightpink,-66.7571,45.96745
C4266,9101113b,lightpink,-66.75691,45.96753
C4267,9101113b,lightpink,-66.75354,45.96712
C4269,9101113b,lightpink,-66.74807,45.9665
C4270,9101113b,lightpink,-66.74757,45.9665
C4271,9101113b,lightpink,-66.7404,45.96644
C4272,9101113b,lightpink,-66.74092,45.96669
C4273,9101113b,lightpink,-66.74094,45.96733
C4274,9101113b,lightpink,-66.72433,45.96772
C4275,9101113b,lightpink,-66.72765,45.96774
C4276,9101113b,lightpink,-66.72677,45.96781
C4277,9101113b,lightpink,-66.72535,45.96781
C4278,9101113b,lightpink,-66.71777,45.96761
C4279,9101113b,lightpink,-66.71439,45.96785
C4280,9101113b,lightpink,-66.71599,45.96762
C4281,9101113b,lightpink,-66.71211,45.9677
C4282,9101113b,lightpink,-66.71072,45.9675
C4283,9101113b,lightpink,-66.7102,45.96764
C4284,9101113b,lightpink,-66.70877,45.96769
C4285,9101113b,lightpink,-66.70371,45.96725
C4286,9101113b,lightpink,-66.7376,45.96688
C4287,9101113b,lightpink,-66.70351,45.96666
C4288,9101113b,lightpink,-66.70349,45.96594
C4289,9101113b,lightpink,-66.70252,45.96596
C4290,9101113b,lightpink,-66.70243,45.96613
C4292,9101113b,lightpink,-66.69767,45.96689
C4306,9101113b,lightpink,-66.66264,45.95958
C4307,9101113b,lightpink,-66.66271,45.95958
C4309,9101113b,lightpink,-66.6713,45.96072
C4310,9101113b,lightpink,-66.6729,45.96098
C4311,9101113b,lightpink,-66.6734,45.96122
C4312,9101113b,lightpink,-66.67552,45.96243
C4313,9101113b,lightpink,-66.67715,45.96321
C4314,9101113b,lightpink,-66.68288,45.96513
C4318,9101113b,lightpink,-66.69072,45.98466
C4320,9101113b,lightpink,-66.6892,45.98608
C4321,9101113b,lightpink,-66.689,45.98634
C4322,9101113b,lightpink,-66.68881,45.98632
C4323,9101113b,lightpink,-66.68688,45.98799
C4324,9101113b,lightpink,-66.70061,46.00626
C4328,9101113b,lightpink,-66.69848,46.0029
C4334,9101113b,lightpink,-66.68658,45.98795
C4336,9101113b,lightpink,-66.68562,45.98744
C4529,9101113b,lightpink,-66.64878,45.96125
C1582,9101113b,lightpink,-66.831835,45.9863459
C1583,9101113b,lightpink,-66.8321107,45.9855681
C1584,9101113b,lightpink,-66.8322352,45.9853544
C1585,9101113b,lightpink,-66.8323175,45.98523
C1586,9101113b,lightpink,-66.832151,45.9848668
C1588,9101113b,lightpink,-66.8317309,45.9843818
C1589,9101113b,lightpink,-66.8317652,45.9841665
C1590,9101113b,lightpink,-66.8317453,45.9840131
C1591,9101113b,lightpink,-66.8314992,45.9837024
C1592,9101113b,lightpink,-66.831302,45.9834646
C1593,9101113b,lightpink,-66.8312992,45.9832035
C1594,9101113b,lightpink,-66.8313119,45.9828798
C1595,9101113b,lightpink,-66.8313615,45.9826017
C1596,9101113b,lightpink,-66.8313152,45.9824658
C1597,9101113b,lightpink,-66.8314648,45.9822706
C1598,9101113b,lightpink,-66.8316664,45.9820674
C1599,9101113b,lightpink,-66.8319955,45.9822357
C1600,9101113b,lightpink,-66.8318975,45.9824318
C1601,9101113b,lightpink,-66.8317275,45.9828156
C1602,9101113b,lightpink,-66.8315499,45.9833973
C1603,9101113b,lightpink,-66.8316666,45.9837146
C1604,9101113b,lightpink,-66.8320177,45.9839822
C1605,9101113b,lightpink,-66.8314974,45.9854034
C1606,9101113b,lightpink,-66.8315305,45.9852151
C1607,9101113b,lightpink,-66.8313723,45.984969
C1608,9101113b,lightpink,-66.8311886,45.9847135
C1609,9101113b,lightpink,-66.8320656,45.9857293
C1610,9101113b,lightpink,-66.8314726,45.9866991
C1611,9101113b,lightpink,-66.8313609,45.986913
C1612,9101113b,lightpink,-66.8314564,45.9871128
C1613,9101113b,lightpink,-66.8313283,45.9874164
C1614,9101113b,lightpink,-66.8313224,45.9875693
C3173,9101113b,lightpink,-66.91072,46.06885
C3204,9101113b,lightpink,-66.91138,46.06835
C3223,9101113b,lightpink,-66.90788,46.0717
C3229,9101113b,lightpink,-66.90913,46.0729
C3235,9101113b,lightpink,-66.90793,46.07042
C3258,9101113b,lightpink,-66.90855,46.07263
C3262,9101113b,lightpink,-66.92072,46.07208
C3270,9101113b,lightpink,-66.92213,46.0728
C3300,9101113b,lightpink,-66.92118,46.07227
C3330,9101113b,lightpink,-66.91348,46.06913
C3390,9101113b,lightpink,-66.922,46.07248
C3424,9101113b,lightpink,-66.9096,46.06962
C3958,9101113b,lightpink,-66.577054,46.002343
C3959,9101113b,lightpink,-66.672434,46.270326
C3960,9101113b,lightpink,-66.671308,46.270536
C3962,9101113b,lightpink,-66.638585,46.258053
C3963,9101113b,lightpink,-66.639149,46.257839
C4019,9101113b,lightpink,-66.582507,45.988462
C4020,9101113b,lightpink,-66.671859,46.270516
C4021,9101113b,lightpink,-66.615181,46.192917
C3995,9101113b,lightpink,-66.60573,45.92625
C3996,9101113b,lightpink,-66.605687,45.926186
C3998,9101113b,lightpink,-66.607551,45.926556
C4000,9101113b,lightpink,-66.60488,45.925868
C4001,9101113b,lightpink,-66.605582,45.926097
C4002,9101113b,lightpink,-66.605512,45.926154
C4004,9101113b,lightpink,-66.576714,45.901748
C4005,9101113b,lightpink,-66.576762,45.901589
C4006,9101113b,lightpink,-66.576033,45.902238
C4007,9101113b,lightpink,-66.576971,45.901699
C4008,9101113b,lightpink,-66.57681,45.902027
C4009,9101113b,lightpink,-66.576887,45.901724
C4010,9101113b,lightpink,-66.576779,45.902013
C4023,9101113b,lightpink,-66.576626,46.002403
C4235,9101113b,lightpink,-66.63223,45.94715
C1692,151,lightcoral,-78.5228007,44.6061659
C1693,151,lightcoral,-78.5243996,44.6059035
C1694,151,lightcoral,-78.5243943,44.6060295
C1695,151,lightcoral,-78.524714,44.6062164
C1698,151,lightcoral,-78.5262107,44.6050966
C1699,151,lightcoral,-78.5307984,44.6065643
C1700,151,lightcoral,-78.5329318,44.6052871
C1701,151,lightcoral,-78.5257843,44.603863
C1702,151,lightcoral,-78.5248344,44.6030862
C1703,151,lightcoral,-78.5243469,44.6021034
C1704,151,lightcoral,-78.5243675,44.6019148
C1705,151,lightcoral,-78.526917,44.6033024
C1706,151,lightcoral,-78.5268937,44.603851
C1707,151,lightcoral,-78.5269692,44.6041498
C1708,151,lightcoral,-78.5249716,44.6048987
C1709,151,lightcoral,-78.5249304,44.6046817
C1710,151,lightcoral,-78.5240128,44.605517
C1712,151,lightcoral,-78.5229961,44.6048288
C1714,151,lightcoral,-78.5218979,44.6039857
C1715,151,lightcoral,-78.5223125,44.604904
C1717,151,lightcoral,-78.5221118,44.6048816
C1718,151,lightcoral,-78.5223635,44.6054813
C1719,151,lightcoral,-78.5220366,44.6054652
C1720,151,lightcoral,-78.5218496,44.6054161
C1656,170,orangered3,-77.0865895,45.3966815
C1657,170,orangered3,-77.0863352,45.3967132
C1658,170,orangered3,-77.0868288,45.3965871
C1659,170,orangered3,-77.087019,45.3965476
C1661,170,orangered3,-77.0878786,45.3962979
C1662,170,orangered3,-77.0864649,45.3929482
C1663,170,orangered3,-77.0861054,45.3929008
C1664,170,orangered3,-77.0854891,45.3931641
C1665,170,orangered3,-77.0851977,45.3932324
C1667,170,orangered3,-77.0859649,45.3935964
C1673,170,orangered3,-77.0838515,45.3937971
C1674,170,orangered3,-77.0838528,45.393833
C1676,170,orangered3,-77.0839329,45.3935795
C1677,170,orangered3,-77.083852,45.393464
C1681,170,orangered3,-77.0999705,45.3929976
C1682,170,orangered3,-77.0834016,45.3926801
C1683,170,orangered3,-77.083049,45.3924705
C1685,170,orangered3,-77.0667948,45.3920188
C1688,170,orangered3,-77.067683,45.3925518
C1689,170,orangered3,-77.0697654,45.3925501
C4707,125147,red4,-79.47819718,44.0705543
C4747,125147,red4,-79.31148647,44.0390229
C4772,125147,red4,-79.38496721,44.07691795
C4781,125147,red4,-79.43645969,44.59367138
C4782,125147,red4,-79.62593849,44.39923821
C4787,125147,red4,-79.5355593,44.25073716
C4790,125147,red4,-79.5355593,44.25073716
C4803,125147,red4,-79.47133638,43.9756033
C4813,125147,red4,-79.51345962,44.03422207
C4837,125147,red4,-79.55735586,44.54190461
C4838,125147,red4,-79.56742198,44.5395106
C4843,125147,red4,-79.48722082,44.11924672
C4857,125147,red4,-79.36040365,44.58633884
C4828,125147,red4,-79.66213241,44.6371307
C4835,125147,red4,-79.62641067,44.53451874
C4836,125147,red4,-79.6115833,44.54937378
C4842,125147,red4,-79.66835945,44.58039765
C4863,125147,red4,-79.48852935,44.60105236
C4744,125147,red4,-79.10008076,43.91724483
C4745,125147,red4,-79.03330964,43.94705048
C4768,125147,red4,-79.12191928,43.88344678
C4769,125147,red4,-79.11804773,43.89372808
C4771,125147,red4,-79.26919204,44.00890396
C4784,125147,red4,-79.1220092,43.88335822
C4785,125147,red4,-79.12194812,43.88332121
C4795,125147,red4,-78.92349399,43.90782381
C4796,125147,red4,-79.31101476,43.90964601
C4797,125147,red4,-79.31101476,43.90964601
C4800,125147,red4,-79.11027342,43.89901083
C4801,125147,red4,-79.12536348,43.90261775
C4802,125147,red4,-79.12370028,43.90363485
C4804,125147,red4,-79.52481132,43.89895733
C4805,125147,red4,-79.52877377,43.92613607
C4806,125147,red4,-79.51682335,43.93481398
C4850,125147,red4,-79.19501845,43.84747654
C4748,126147,firebrick1,-79.99760478,44.21683336
C4753,126147,firebrick1,-79.99758422,44.21140429
C4754,126147,firebrick1,-79.99766268,44.2097304
C4760,126147,firebrick1,-80.18270251,44.27838531
C4761,126147,firebrick1,-80.24932118,44.40611723
C4762,126147,firebrick1,-80.19230551,44.29456904
C4791,126147,firebrick1,-80.01063824,44.26156632
C4810,126147,firebrick1,-80.03877112,44.21879875
C4812,126147,firebrick1,-80.27188675,44.42960766
C4816,126147,firebrick1,-79.99193488,43.99475317
C4821,126147,firebrick1,-80.20816941,44.33879475
C4864,126147,firebrick1,-80.20715169,44.27465031
C4866,126147,firebrick1,-80.27619625,44.42858172
C1722,126147,firebrick1,-80.2638593,44.406518
C1724,126147,firebrick1,-80.2620054,44.4081265
C1725,126147,firebrick1,-80.2620182,44.4081086
C1726,126147,firebrick1,-80.2621315,44.4080913
C1727,126147,firebrick1,-80.2619941,44.4080274
C1728,126147,firebrick1,-80.2619041,44.4081979
C1731,126147,firebrick1,-80.2613993,44.4083837
C1733,126147,firebrick1,-80.2607591,44.4093608
C1734,126147,firebrick1,-80.2607355,44.4092346
C1735,126147,firebrick1,-80.2605197,44.4094223
C1738,126147,firebrick1,-80.2617352,44.4096372
C1739,126147,firebrick1,-80.2619613,44.4096387
C1740,126147,firebrick1,-80.2592039,44.4091887
C1741,126147,firebrick1,-80.259256,44.409036
C1742,126147,firebrick1,-80.2453954,44.3988801
C1743,126147,firebrick1,-80.2454586,44.3988445
C1745,126147,firebrick1,-80.2458144,44.399495
C1746,126147,firebrick1,-80.2452011,44.3993379
C1747,126147,firebrick1,-80.2445025,44.3989822
C4742,126147,firebrick1,-79.74743543,43.40849548
C4743,126147,firebrick1,-79.74847061,43.40860586
C4752,126147,firebrick1,-79.97113998,43.20546921
C4792,126147,firebrick1,-79.89117321,43.24505376
C4793,126147,firebrick1,-79.89070996,43.24478814
C4811,126147,firebrick1,-79.95674908,43.72735249
C4814,126147,firebrick1,-79.8782074,43.42304455
C4815,126147,firebrick1,-79.89308186,43.41893947
C4817,126147,firebrick1,-79.89117074,43.24505374
C4818,126147,firebrick1,-79.89117534,43.24507179
C4819,126147,firebrick1,-79.89266101,43.2445189
C4826,126147,firebrick1,-79.92898935,43.77108846
C4829,126147,firebrick1,-79.89540842,43.24516678
C4830,126147,firebrick1,-79.89100219,43.24429572
C4831,126147,firebrick1,-79.8869725,43.245076
C4832,126147,firebrick1,-79.89037471,43.24357827
C4858,126147,firebrick1,-79.9101369,43.47629856
C4757,126147,firebrick1,-80.01076233,43.93495433
C4770,126147,firebrick1,-79.96523778,43.95642971
C4808,126147,firebrick1,-79.92179422,43.91962667
C4809,126147,firebrick1,-79.92169451,43.98028249
C4820,126147,firebrick1,-79.95011389,43.94329064
C4824,126147,firebrick1,-79.9097247,43.91074265
C4706,171188,brown1,-76.37702413,45.11617148
C4708,171188,brown1,-75.83995332,45.29375657
C4709,171188,brown1,-75.92347576,45.27891641
C4714,171188,brown1,-76.08621699,45.14720434
C4722,171188,brown1,-75.78849281,45.35713338
C4726,171188,brown1,-75.94849913,45.41467734
C4733,171188,brown1,-75.93459065,45.34237621
C4734,171188,brown1,-76.49107657,45.00961571
C4737,171188,brown1,-75.92020752,45.28023001
C4764,171188,brown1,-76.37702413,45.11617148
C4767,171188,brown1,-76.49107657,45.00961571
C4882,171188,brown1,-75.93164141,45.34155417
C4883,171188,brown1,-75.78792824,45.35601211
C4702,171188,brown1,-75.66162342,45.05074094
C4703,171188,brown1,-75.71606299,45.19697879
C4723,171188,brown1,-75.83389357,44.78405235
C4727,171188,brown1,-75.86220774,44.68202564
C4732,171188,brown1,-75.8623339,44.68202469
C4735,171188,brown1,-75.86196207,44.68247761
C4736,171188,brown1,-75.64864662,45.26730573
C4746,171188,brown1,-75.73908993,45.2605182
C4777,171188,brown1,-75.68052885,45.44847076
C4846,171188,brown1,-76.24268815,44.7682094
C4847,171188,brown1,-76.0799642,44.72291725
C4884,171188,brown1,-75.65992845,45.40029986
C4701,171188,brown1,-75.54946212,45.0079916
C4705,171188,brown1,-75.44020805,45.25810961
C4711,171188,brown1,-74.99104377,45.47752823
C4713,171188,brown1,-74.61182669,45.54977809
C4716,171188,brown1,-75.38013952,44.83822696
C4717,171188,brown1,-75.49989121,45.06281569
C4719,171188,brown1,-75.29913656,44.9744802
C4721,171188,brown1,-75.53305939,45.01810647
C4729,171188,brown1,-75.55312831,45.2958929
C4730,171188,brown1,-74.89517401,45.2214814
C4763,171188,brown1,-75.57449071,44.9728959
C4773,171188,brown1,-75.56429271,44.96754556
C4861,171188,brown1,-75.38454829,44.84099388
C4890,171188,brown1,-74.45861567,45.42330945
C4718,171188,brown1,-76.00185008,44.65176307
C4724,171188,brown1,-75.90493036,44.57312494
C4738,171188,brown1,-76.13029846,44.53663678
C4739,171188,brown1,-75.70478233,44.61644236
C4775,171188,brown1,-76.13029846,44.53663678
C4780,171188,brown1,-75.70484524,44.61643297
C4844,171188,brown1,-76.02606367,44.50848827
C4845,171188,brown1,-76.0265423,44.50851998
C4680,171188,brown1,-74.458859,45.037651
C4681,171188,brown1,-74.455706,45.041008
C4682,171188,brown1,-74.455007,45.040403
C4683,171188,brown1,-74.4874,45.018958
C4685,171188,brown1,-74.459549,45.036437
C4688,171188,brown1,-74.454726,45.04025
C4689,171188,brown1,-74.459858,45.036851
C4712,171188,brown1,-75.05832275,44.95902259
C4715,171188,brown1,-75.27344316,44.87048992
C4725,171188,brown1,-74.88881215,45.21805479
C4728,171188,brown1,-75.18315988,44.90753401
C4774,171188,brown1,-75.27344316,44.87048992
C4799,171188,brown1,-74.74346727,45.08723335
C4889,171188,brown1,-74.51961231,45.34045502
U1941,APA12PACb,darkgoldenrod1,-78.9640434,41.8558719
U1942,APA12PACb,darkgoldenrod1,-78.9477644,41.852601
U1957,APA12PACb,darkgoldenrod1,-78.9589435,41.835166
U2016,APA12PACb,darkgoldenrod1,-78.9484086,41.854684
U2021,APA12PACb,darkgoldenrod1,-78.958476,41.8388863
U2022,APA12PACb,darkgoldenrod1,-78.9578555,41.8390824
U2023,APA12PACb,darkgoldenrod1,-78.9577346,41.8383418
U2024,APA12PACb,darkgoldenrod1,-78.9580977,41.8379069
U2025,APA12PACb,darkgoldenrod1,-78.9577351,41.837189
U2026,APA12PACb,darkgoldenrod1,-78.9572456,41.8370542
U2027,APA12PACb,darkgoldenrod1,-78.9572362,41.8369729
U2028,APA12PACb,darkgoldenrod1,-78.9572748,41.8368926
U2029,APA12PACb,darkgoldenrod1,-78.9570876,41.8333137
U2030,APA12PACb,darkgoldenrod1,-78.9570191,41.8331954
U2031,APA12PACb,darkgoldenrod1,-78.9565105,41.8332855
U2032,APA12PACb,darkgoldenrod1,-78.9562589,41.8336232
U2033,APA12PACb,darkgoldenrod1,-78.9613726,41.8394511
U1943,APA12PACb,darkgoldenrod1,-79.2568496,41.8382918
U1944,APA12PACb,darkgoldenrod1,-79.2562674,41.8375535
U1945,APA12PACb,darkgoldenrod1,-79.2631744,41.8377752
U1946,APA12PACb,darkgoldenrod1,-79.2630228,41.8375928
U1947,APA12PACb,darkgoldenrod1,-79.2611927,41.8331249
U1948,APA12PACb,darkgoldenrod1,-79.2611925,41.8331339
U1949,APA12PACb,darkgoldenrod1,-79.2611047,41.8319257
U1955,APA12PACb,darkgoldenrod1,-79.2612414,41.832216
U2005,APA12PACb,darkgoldenrod1,-79.1164872,41.8228989
U2006,APA12PACb,darkgoldenrod1,-79.1165701,41.8229453
U2007,APA12PACb,darkgoldenrod1,-79.1169256,41.8231402
U2008,APA12PACb,darkgoldenrod1,-79.1158781,41.8231411
U2009,APA12PACb,darkgoldenrod1,-79.1158422,41.8231315
U2010,APA12PACb,darkgoldenrod1,-79.1147326,41.8231943
U2011,APA12PACb,darkgoldenrod1,-79.1147206,41.8231941
U2012,APA12PACb,darkgoldenrod1,-79.1145377,41.8232722
U2013,APA12PACb,darkgoldenrod1,-79.113853,41.8232159
U2014,APA12PACb,darkgoldenrod1,-79.1096045,41.8223354
U2015,APA12PACb,darkgoldenrod1,-79.1094593,41.8223601
U2702,APA12PACb,darkgoldenrod1,-79.25517,41.54528
U2703,APA12PACb,darkgoldenrod1,-79.255,41.54493
U2704,APA12PACb,darkgoldenrod1,-79.43827,41.47794
U2706,APA12PACb,darkgoldenrod1,-79.25742,41.54366
U2707,APA12PACb,darkgoldenrod1,-79.25728,41.54283
U2708,APA12PACb,darkgoldenrod1,-79.25751,41.54356
U2698,APA12PACb,darkgoldenrod1,-79.67814,41.69298
U2700,APA12PACb,darkgoldenrod1,-79.67642,41.69276
U1924,APA12PACb,darkgoldenrod1,-79.4335656,41.5357614
U1930,APA12PACb,darkgoldenrod1,-79.4362788,41.5350957
U1931,APA12PACb,darkgoldenrod1,-79.4362002,41.5348785
U1932,APA12PACb,darkgoldenrod1,-79.4362167,41.5346896
U1933,APA12PACb,darkgoldenrod1,-79.4362703,41.5344561
U1934,APA12PACb,darkgoldenrod1,-79.4360249,41.5341916
U1935,APA12PACb,darkgoldenrod1,-79.4360262,41.5341376
U1936,APA12PACb,darkgoldenrod1,-79.4360059,41.5339842
U1937,APA12PACb,darkgoldenrod1,-79.4358515,41.533928
U1938,APA12PACb,darkgoldenrod1,-79.4357922,41.5339002
U1939,APA12PACb,darkgoldenrod1,-79.4359011,41.5338566
U1940,APA12PACb,darkgoldenrod1,-79.4356876,41.5337637
U1950,APA12PACb,darkgoldenrod1,-79.2615604,41.8315544
U1951,APA12PACb,darkgoldenrod1,-79.2621681,41.8313474
U1953,APA12PACb,darkgoldenrod1,-79.2624792,41.8309738
U1954,APA12PACb,darkgoldenrod1,-79.2622741,41.8309888
U2044,APA12PACb,darkgoldenrod1,-79.2151435,41.5932839
U2045,APA12PACb,darkgoldenrod1,-79.2124249,41.5935388
U2046,APA12PACb,darkgoldenrod1,-79.2123076,41.5938793
U2047,APA12PACb,darkgoldenrod1,-79.2123435,41.5938798
U2048,APA12PACb,darkgoldenrod1,-79.2134036,41.5937252
U2049,APA12PACb,darkgoldenrod1,-79.2130606,41.5939811
U2050,APA12PACb,darkgoldenrod1,-79.2131943,41.5939201
U2051,APA12PACb,darkgoldenrod1,-79.2135536,41.5939437
U2052,APA12PACb,darkgoldenrod1,-79.2135887,41.5935389
U2056,APA12PACb,darkgoldenrod1,-79.4356254,41.5368432
U2057,APA12PACb,darkgoldenrod1,-79.4355994,41.5369239
U2058,APA12PACb,darkgoldenrod1,-79.4359363,41.5368745
U2059,APA12PACb,darkgoldenrod1,-79.436765,41.5373091
U2060,APA12PACb,darkgoldenrod1,-79.4367429,41.5372277
U2061,APA12PACb,darkgoldenrod1,-79.4362935,41.5374738
U2062,APA12PACb,darkgoldenrod1,-79.4367914,41.5377057
U2063,APA12PACb,darkgoldenrod1,-79.4368365,41.5378234
U2064,APA12PACb,darkgoldenrod1,-79.4373531,41.5392716
U2065,APA12PACb,darkgoldenrod1,-79.4374751,41.5396785
U2066,APA12PACb,darkgoldenrod1,-79.4351628,41.5371342
U2067,APA12PACb,darkgoldenrod1,-79.4363042,41.5320517
U2068,APA12PACb,darkgoldenrod1,-79.4362188,41.5321136
U2069,APA12PACb,darkgoldenrod1,-79.436182,41.5321491
U2070,APA12PACb,darkgoldenrod1,-79.4362395,41.532249
U2071,APA12PACb,darkgoldenrod1,-79.4354785,41.5319955
U2072,APA12PACb,darkgoldenrod1,-79.4357365,41.5322331
U2073,APA12PACb,darkgoldenrod1,-79.4357297,41.5325123
U2075,APA12PACb,darkgoldenrod1,-79.4358503,41.5329823
U2076,APA12PACb,darkgoldenrod1,-79.4363407,41.533025
U2077,APA12PACb,darkgoldenrod1,-79.4363769,41.5330165
U2078,APA12PACb,darkgoldenrod1,-79.4364237,41.5330621
U2079,APA12PACb,darkgoldenrod1,-79.4362734,41.5333303
U2081,APA12PACb,darkgoldenrod1,-79.4360891,41.5335169
U2082,APA12PACb,darkgoldenrod1,-79.4359144,41.5333074
U2083,APA12PACb,darkgoldenrod1,-79.4358165,41.5333871
U2084,APA12PACb,darkgoldenrod1,-79.4357723,41.5332334
U2086,APA12PACb,darkgoldenrod1,-79.4353753,41.5332911
U2087,APA12PACb,darkgoldenrod1,-79.4355379,41.5335094
U2088,APA12PACb,darkgoldenrod1,-79.4352385,41.5334964
U2089,APA12PACb,darkgoldenrod1,-79.2875342,41.7932077
U2090,APA12PACb,darkgoldenrod1,-79.287405,41.7930886
U2097,APA12PACb,darkgoldenrod1,-79.3358935,41.7237841
U2098,APA12PACb,darkgoldenrod1,-79.3359187,41.7237394
U2108,APA12PACb,darkgoldenrod1,-79.1312072,41.3234895
U2111,APA12PACb,darkgoldenrod1,-79.0716631,41.3548963
U2113,APA12PACb,darkgoldenrod1,-79.071819,41.3544756
U2114,APA12PACb,darkgoldenrod1,-79.0718025,41.3542231
U2115,APA12PACb,darkgoldenrod1,-79.0727626,41.3545004
U2116,APA12PACb,darkgoldenrod1,-79.0015697,41.3606264
U2117,APA12PACb,darkgoldenrod1,-78.9755408,41.3746094
U2119,APA12PACb,darkgoldenrod1,-78.9353871,41.388622
U2120,APA12PACb,darkgoldenrod1,-78.9055364,41.3997552
U2659,APA12PACb,darkgoldenrod1,-79.00158,41.36073
U2664,APA12PACb,darkgoldenrod1,-79.10321,41.32987
U1198,BV,darkseagreen,-85.911685,35.9208704
U1199,BV,darkseagreen,-85.9120226,35.9204948
U1200,BV,darkseagreen,-85.911606,35.9185437
U1201,BV,darkseagreen,-85.9121185,35.91835
U1202,BV,darkseagreen,-85.9121185,35.91835
U1203,BV,darkseagreen,-85.9117515,35.9184368
U1204,BV,darkseagreen,-85.9115914,35.9179936
U1205,BV,darkseagreen,-85.9091117,35.912129
U1206,BV,darkseagreen,-85.9091682,35.9120484
U1207,BV,darkseagreen,-85.908733,35.9122608
U1208,BV,darkseagreen,-85.9092124,35.9120578
U1209,BV,darkseagreen,-85.9092803,35.9119503
U1210,BV,darkseagreen,-85.9092099,35.9122381
U1211,BV,darkseagreen,-85.9092131,35.9120037
U1212,BV,darkseagreen,-85.9091913,35.9119765
U1213,BV,darkseagreen,-85.9092813,35.9118781
U1214,BV,darkseagreen,-85.9092815,35.9118691
U1215,BV,darkseagreen,-85.9091932,35.9118413
U1216,BV,darkseagreen,-85.9090764,35.912273
U1217,BV,darkseagreen,-85.9092379,35.9118146
U1219,BV,darkseagreen,-85.909474,35.9115643
U1220,BV,darkseagreen,-85.9093482,35.9118517
U1221,BV,darkseagreen,-85.9093701,35.9118699
U1222,BV,darkseagreen,-85.9093929,35.9118251
U1223,BV,darkseagreen,-85.9091049,35.9118134
U1224,BV,darkseagreen,-85.9092487,35.9099124
U1227,BV,darkseagreen,-85.9081974,35.9068827
U1229,BV,darkseagreen,-85.9106894,35.9061751
U1230,BV,darkseagreen,-85.9105579,35.9060657
U1231,BV,darkseagreen,-85.9105246,35.9060744
U1232,BV,darkseagreen,-85.9105071,35.9057316
U1233,BV,darkseagreen,-85.9116893,35.9027492
U1234,BV,darkseagreen,-85.9118237,35.9026512
U1235,BV,darkseagreen,-85.9119164,35.9015432
U1236,BV,darkseagreen,-85.9117613,35.9015417
U1238,BV,darkseagreen,-85.9117681,35.901046
U1239,BV,darkseagreen,-85.9117226,35.9011267
U1240,BV,darkseagreen,-85.9115241,35.9010618
U1241,BV,darkseagreen,-85.9117198,35.901334
U1242,BV,darkseagreen,-85.9123502,35.8981843
U1243,BV,darkseagreen,-85.912546,35.8984475
U1245,BV,darkseagreen,-85.9125304,35.8979695
U1246,BV,darkseagreen,-85.9126658,35.8977904
U1247,BV,darkseagreen,-85.9131571,35.896704
U1250,BV,darkseagreen,-85.9134218,35.8967966
U1251,BV,darkseagreen,-85.9133896,35.8967241
U1253,BV,darkseagreen,-85.9133759,35.8969133
U1255,BV,darkseagreen,-85.9133673,35.896733
U1256,BV,darkseagreen,-85.913371,35.8964625
U1257,BV,darkseagreen,-85.9135123,35.8966621
U1258,BV,darkseagreen,-85.9138656,35.8967555
U1259,BV,darkseagreen,-85.9138656,35.8967555
U1262,BV,darkseagreen,-85.9136463,35.8965822
U1265,BV,darkseagreen,-85.9135245,35.8965811
U1267,BV,darkseagreen,-85.9135978,35.8968883
U1268,BV,darkseagreen,-85.9136538,35.8968437
U1269,BV,darkseagreen,-85.9137865,35.896863
U1273,BV,darkseagreen,-85.9082509,35.9070184
U1274,BV,darkseagreen,-85.908273,35.9070276
U1292,BV,darkseagreen,-85.9096183,35.9099338
U1293,BV,darkseagreen,-85.9116511,35.9014957
U1294,BV,darkseagreen,-85.9095517,35.9099422
U1299,BV,darkseagreen,-85.910717,35.9061573
U1300,BV,darkseagreen,-85.9106276,35.906472
U1301,BV,darkseagreen,-85.9107889,35.906221
U1302,BV,darkseagreen,-85.9107889,35.906221
U1303,BV,darkseagreen,-85.9105959,35.9064266
U1304,BV,darkseagreen,-85.9107,35.9062383
U1305,BV,darkseagreen,-85.9105133,35.906507
U1306,BV,darkseagreen,-85.9117635,35.9005681
U1307,BV,darkseagreen,-85.9095887,35.9123768
U1308,BV,darkseagreen,-85.9105726,35.9062281
U1310,BV,darkseagreen,-85.9102022,35.9106424
U1313,BV,darkseagreen,-85.9103043,35.9107875
U1314,BV,darkseagreen,-85.9098456,35.9120726
U1315,BV,darkseagreen,-85.9073083,35.9102915
U1316,BV,darkseagreen,-85.911832,35.9012359
U1318,BV,darkseagreen,-85.9133737,35.8962642
U1319,BV,darkseagreen,-85.9109067,35.9161933
U1320,BV,darkseagreen,-85.9145966,35.9239801
U1322,BV,darkseagreen,-85.9094138,35.9119154
U1324,BV,darkseagreen,-85.9139101,35.8967379
U1325,BV,darkseagreen,-85.912101,35.9026267
U1326,BV,darkseagreen,-85.9084305,35.9076601
U1330,BV,darkseagreen,-85.9138648,35.8968096
U1331,BV,darkseagreen,-85.9083575,35.9073259
U1333,BV,darkseagreen,-85.9102457,35.9150964
U1334,BV,darkseagreen,-85.9105745,35.9063363
U1340,BV,darkseagreen,-85.911299,35.9182975
U1341,BV,darkseagreen,-85.9113275,35.9198304
U1342,BV,darkseagreen,-85.9106893,35.9062923
U1344,BV,darkseagreen,-85.9105139,35.9060472
U1345,BV,darkseagreen,-85.9111869,35.9175843
U1346,BV,darkseagreen,-85.9086911,35.9128915
U1347,BV,darkseagreen,-85.9085801,35.9080672
U1348,BV,darkseagreen,-85.9095901,35.9121334
U1349,BV,darkseagreen,-85.9134841,35.8962922
U1350,BV,darkseagreen,-85.9136525,35.8969429
U1351,BV,darkseagreen,-85.9139445,35.896657
U1353,BV,darkseagreen,-85.9139101,35.8967379
U1354,BV,darkseagreen,-85.9121926,35.9015998
U1355,BV,darkseagreen,-85.9118084,35.9013348
U1356,BV,darkseagreen,-85.9135756,35.8968971
U1357,BV,darkseagreen,-85.9093374,35.9118336
U1358,BV,darkseagreen,-85.9135869,35.8968792
U1360,BV,darkseagreen,-85.9106623,35.9106826
U1363,BV,darkseagreen,-85.9106712,35.9061749
U1365,BV,darkseagreen,-85.9106126,35.9064088
U1366,BV,darkseagreen,-85.9106617,35.9062199
U1367,BV,darkseagreen,-85.9106879,35.9062652
U1371,BV,darkseagreen,-85.9106502,35.9062288
U1373,BV,darkseagreen,-85.9107035,35.906076
U1374,BV,darkseagreen,-85.9105579,35.906255
U1375,BV,darkseagreen,-85.9085809,35.9128455
U1376,BV,darkseagreen,-85.9105851,35.9062733
U1383,BV,darkseagreen,-85.9104901,35.906624
U1385,BV,darkseagreen,-85.9103495,35.9065236
U1386,BV,darkseagreen,-85.9104599,35.9064975
U1387,BV,darkseagreen,-85.9108242,35.9062845
U1389,BV,darkseagreen,-85.9107354,35.9064009
U1390,BV,darkseagreen,-85.9107106,35.9063826
U1392,BV,darkseagreen,-85.9105895,35.9062823
U1393,BV,darkseagreen,-85.9106682,35.9062921
U1397,BV,darkseagreen,-85.9107021,35.9062473
U1398,BV,darkseagreen,-85.9104746,35.9068132
U1399,BV,darkseagreen,-85.9107557,35.906383
U1400,BV,darkseagreen,-85.9105918,35.9066069
U1404,BV,darkseagreen,-85.9106833,35.9063824
U1408,BV,darkseagreen,-85.9139101,35.8967379
U1411,BV,darkseagreen,-85.9105932,35.9063004
U1412,BV,darkseagreen,-85.9107249,35.9063106
U1413,BV,darkseagreen,-85.9116448,35.9181384
U1414,BV,darkseagreen,-85.9104315,35.9066055
U1417,BV,darkseagreen,-85.9105297,35.9066244
U1433,BV,darkseagreen,-85.9092337,35.9121211
U1434,BV,darkseagreen,-85.9093802,35.9119421
U1852,BVT,darkgoldenrod4,-73.002411,44.4474793
U1853,BVT,darkgoldenrod4,-73.0022716,44.4475128
U1854,BVT,darkgoldenrod4,-73.0017818,44.446766
U1855,BVT,darkgoldenrod4,-73.0018495,44.4462541
U1856,BVT,darkgoldenrod4,-73.0031919,44.4459535
U1857,BVT,darkgoldenrod4,-73.0030528,44.445978
U1858,BVT,darkgoldenrod4,-73.0022897,44.4458747
U1859,BVT,darkgoldenrod4,-73.0022018,44.4451349
U1860,BVT,darkgoldenrod4,-73.002226,44.4451623
U1861,BVT,darkgoldenrod4,-73.0016682,44.4449365
U1862,BVT,darkgoldenrod4,-73.001546,44.4448353
U1863,BVT,darkgoldenrod4,-73.0015543,44.4449615
U1865,BVT,darkgoldenrod4,-73.0009212,44.4439961
U1867,BVT,darkgoldenrod4,-73.0018658,44.4443008
U1869,BVT,darkgoldenrod4,-73.0020031,44.4443302
U1870,BVT,darkgoldenrod4,-73.0019437,44.4442301
U1871,BVT,darkgoldenrod4,-73.0002999,44.4437872
U1873,BVT,darkgoldenrod4,-72.9967423,44.444193
U1874,BVT,darkgoldenrod4,-72.9962699,44.4444098
U1875,BVT,darkgoldenrod4,-73.0002146,44.4429755
U1876,BVT,darkgoldenrod4,-73.0002146,44.4429755
U2448,BVTGMVT2,gold,-72.8069622,43.940537
U2449,BVTGMVT2,gold,-72.8069528,43.8996292
U2450,BVTGMVT2,gold,-72.8454391,43.8823562
U2451,BVTGMVT2,gold,-72.828039,43.8809338
U2452,BVTGMVT2,gold,-72.8150614,43.8808509
U2453,BVTGMVT2,gold,-72.813657,43.8820192
U2454,BVTGMVT2,gold,-72.8135605,43.8206515
U2455,BVTGMVT2,gold,-72.8139161,43.8247769
U2456,BVTGMVT2,gold,-72.8129742,43.8244516
U2457,BVTGMVT2,gold,-72.8121271,43.8336239
U2458,BVTGMVT2,gold,-72.8125369,43.8335251
U2459,BVTGMVT2,gold,-72.8161818,43.8422417
U2460,BVTGMVT2,gold,-72.8161979,43.8420234
U2461,BVTGMVT2,gold,-72.8181438,43.8419199
U1826,BVTGMVT2,gold,-72.6023607,44.1655523
U1827,BVTGMVT2,gold,-72.6015702,44.1659228
U1828,BVTGMVT2,gold,-72.6014923,44.1659932
U1829,BVTGMVT2,gold,-72.6023411,44.1663441
U1830,BVTGMVT2,gold,-72.6023745,44.1664439
U1831,BVTGMVT2,gold,-72.6030948,44.1659548
U1832,BVTGMVT2,gold,-72.6031231,44.1658744
U1833,BVTGMVT2,gold,-72.6032355,44.1658768
U1834,BVTGMVT2,gold,-72.6033675,44.1660146
U1835,BVTGMVT2,gold,-72.6032282,44.1660567
U1836,BVTGMVT2,gold,-72.6029743,44.1661504
U1837,BVTGMVT2,gold,-72.6030114,44.1661601
U1838,BVTGMVT2,gold,-72.6031983,44.1664882
U1839,BVTGMVT2,gold,-72.6036073,44.1662717
U1840,BVTGMVT2,gold,-72.6036448,44.1662725
U1842,BVTGMVT2,gold,-72.6036422,44.1663354
U1844,BVTGMVT2,gold,-72.6037066,44.1665979
U1845,BVTGMVT2,gold,-72.6038605,44.166196
U1846,BVTGMVT2,gold,-72.6038487,44.1661777
U1762,CNF,deepskyblue,-88.63258,45.47117
U1763,CNF,deepskyblue,-88.63,45.47082
U1765,CNF,deepskyblue,-88.62977,45.47015
U1766,CNF,deepskyblue,-88.62974,45.47028
U1767,CNF,deepskyblue,-88.62962,45.47071
U1770,CNF,deepskyblue,-88.62861,45.47131
U1771,CNF,deepskyblue,-88.62845,45.47129
U1772,CNF,deepskyblue,-88.62765,45.47136
U1773,CNF,deepskyblue,-88.62731,45.47134
U1774,CNF,deepskyblue,-88.62726,45.47115
U1775,CNF,deepskyblue,-88.62695,45.47128
U1776,CNF,deepskyblue,-88.62633,45.47111
U1777,CNF,deepskyblue,-88.62579,45.47129
U1778,CNF,deepskyblue,-88.62554,45.47151
U1779,CNF,deepskyblue,-88.625,45.47158
U1780,CNF,deepskyblue,-88.62416,45.4713
U1781,CNF,deepskyblue,-88.62478,45.47198
U1782,CNF,deepskyblue,-88.62397,45.47153
U1783,CNF,deepskyblue,-88.62394,45.47176
U1784,CNF,deepskyblue,-88.62463,45.47177
U1785,CNF,deepskyblue,-88.6243,45.47194
U1786,CNF,deepskyblue,-88.62419,45.47246
U1787,CNF,deepskyblue,-88.62399,45.47234
U1788,CNF,deepskyblue,-88.62363,45.47254
U1789,CNF,deepskyblue,-88.62406,45.4733
U1790,CNF,deepskyblue,-88.62271,45.4729
U1791,CNF,deepskyblue,-88.62125,45.47265
U2467,FKN,lightsalmon1,-79.4602605,38.5764765
U2468,FKN,lightsalmon1,-79.4624281,38.5765747
U2469,FKN,lightsalmon1,-79.4625628,38.5762064
U2470,FKN,lightsalmon1,-79.4624918,38.5761454
U2471,FKN,lightsalmon1,-79.4618912,38.5760343
U2472,FKN,lightsalmon1,-79.4620532,38.5761385
U2473,FKN,lightsalmon1,-79.461826,38.5761778
U2475,FKN,lightsalmon1,-79.4610883,38.575908
U2476,FKN,lightsalmon1,-79.4612186,38.5757456
U2477,FKN,lightsalmon1,-79.4611285,38.5748601
U2478,FKN,lightsalmon1,-79.4617977,38.5748697
U2480,FKN,lightsalmon1,-79.4589237,38.5746451
U2481,FKN,lightsalmon1,-79.4589526,38.5746454
U2482,FKN,lightsalmon1,-79.4589744,38.5743543
U2483,FKN,lightsalmon1,-79.4589974,38.5743079
U2484,FKN,lightsalmon1,-79.4587855,38.5741
U2485,FKN,lightsalmon1,-79.4593719,38.5740383
U2487,FKN,lightsalmon1,-79.4594236,38.5737644
U2490,FKN,lightsalmon1,-79.4602436,38.5701523
U2491,FKN,lightsalmon1,-79.460186,38.5978885
U2493,FKN,lightsalmon1,-79.1765562,38.5978619
U2495,FKN,lightsalmon1,-79.1754316,38.5978691
U2496,FKN,lightsalmon1,-79.1753164,38.5978504
U2497,FKN,lightsalmon1,-79.1753166,38.5978495
U2498,FKN,lightsalmon1,-79.1752712,38.5979021
U2499,FKN,lightsalmon1,-79.1752138,38.59731
U2502,FKN,lightsalmon1,-79.1746729,38.59762
U2503,FKN,lightsalmon1,-79.1759277,38.5978246
U2202,GMVT1,khaki,-72.5507688,42.9886203
U2203,GMVT1,khaki,-72.5505254,42.9882639
U2205,GMVT1,khaki,-72.5522441,42.9885348
U2206,GMVT1,khaki,-72.5522441,42.9885348
U2207,GMVT1,khaki,-72.551426,42.986275
U2212,GMVT1,khaki,-72.551426,42.986275
U2213,GMVT1,khaki,-72.5497671,42.9795673
U2214,GMVT1,khaki,-72.5501652,42.9803502
U2215,GMVT1,khaki,-72.5502136,42.9806754
U2216,GMVT1,khaki,-72.5502136,42.9806754
U2231,GMVT1,khaki,-72.5487287,42.987487
U2217,GMVT1,khaki,-72.5530933,42.986608
U2218,GMVT1,khaki,-72.5499222,42.9910964
U2221,GMVT1,khaki,-72.549945,42.9914481
U2222,GMVT1,khaki,-72.5494648,42.9924193
U2223,GMVT1,khaki,-72.5496012,42.9926923
U2224,GMVT1,khaki,-72.5494296,42.9926887
U2225,GMVT1,khaki,-72.5489422,42.9926062
U2228,GMVT1,khaki,-72.5496772,42.9926309
U2229,GMVT1,khaki,-72.5497143,42.9926227
U2230,GMVT1,khaki,-72.5496898,42.9926222
U1120,MC,olivedrab4,-86.1056974,37.1737347
U1122,MC,olivedrab4,-86.0372434,37.2678156
U1125,MC,olivedrab4,-86.0411209,37.2413017
U1126,MC,olivedrab4,-86.2263948,37.2245212
U1127,MC,olivedrab4,-86.1222191,37.1778874
U1128,MC,olivedrab4,-86.0717042,37.1293233
U1129,MC,olivedrab4,-86.0720206,37.1292266
U1130,MC,olivedrab4,-86.0723198,37.1296165
U1131,MC,olivedrab4,-86.0728085,37.1292418
U1135,MC,olivedrab4,-86.0786263,37.1303688
U1136,MC,olivedrab4,-86.0783445,37.1303937
U1137,MC,olivedrab4,-86.0782091,37.1304197
U1138,MC,olivedrab4,-86.078209,37.1304287
U1140,MC,olivedrab4,-86.1206463,37.1794622
U1142,MC,olivedrab4,-86.048968,37.2116647
U1144,MC,olivedrab4,-86.029433,37.2533389
U1145,MC,olivedrab4,-86.0285205,37.252394
U1146,MC,olivedrab4,-86.0933922,37.2268768
U1147,MC,olivedrab4,-86.1328823,37.1516814
U1148,MC,olivedrab4,-86.2281029,37.1995909
U1150,MC,olivedrab4,-86.2163978,37.2233107
U1151,MC,olivedrab4,-86.0791263,37.1866192
U1153,MC,olivedrab4,-86.0776411,37.1873829
U1154,MC,olivedrab4,-86.0731573,37.1873659
U1155,MC,olivedrab4,-86.0570732,37.2495151
U1156,MC,olivedrab4,-86.0569152,37.2495229
U1157,MC,olivedrab4,-86.0977779,37.1936854
U1159,MC,olivedrab4,-86.098068,37.1939219
U1160,MC,olivedrab4,-86.0981776,37.1941842
U1161,MC,olivedrab4,-86.0970362,37.1764903
U1163,MC,olivedrab4,-86.1486246,37.2089526
U1165,MC,olivedrab4,-86.1113532,37.1813309
U1168,MC,olivedrab4,-86.112986,37.2276111
U1169,MC,olivedrab4,-86.2422524,37.2168357
U1170,MC,olivedrab4,-86.1310193,37.153101
U1171,MC,olivedrab4,-86.1775313,37.2089225
U1172,MC,olivedrab4,-86.1563135,37.2147494
U1173,MC,olivedrab4,-86.1575425,37.2157136
U1174,MC,olivedrab4,-86.1585688,37.2156488
U1175,MC,olivedrab4,-86.1601762,37.2150203
U1176,MC,olivedrab4,-86.1611475,37.2148378
U1177,MC,olivedrab4,-86.1632176,37.215168
U1178,MC,olivedrab4,-86.1635759,37.2153868
U1179,MC,olivedrab4,-86.1641934,37.2155985
U1180,MC,olivedrab4,-86.1643624,37.2156087
U1181,MC,olivedrab4,-86.1557768,37.2163861
U1182,MC,olivedrab4,-86.1533864,37.2174868
U1184,MC,olivedrab4,-86.1538909,37.2177247
U1185,MC,olivedrab4,-86.1535158,37.2180105
U1186,MC,olivedrab4,-86.1900804,37.2178516
U1187,MC,olivedrab4,-86.1893734,37.2186129
U1188,MC,olivedrab4,-86.1858705,37.2215364
U1189,MC,olivedrab4,-86.1862826,37.2230445
U1190,MC,olivedrab4,-86.0386134,37.2132576
U1191,MC,olivedrab4,-86.0386134,37.2132576
U1192,MC,olivedrab4,-86.0385986,37.2144203
U1193,MC,olivedrab4,-86.0716718,37.1292149
U1194,MC,olivedrab4,-86.0796041,37.1862354
U1195,MC,olivedrab4,-86.0789782,37.1867533
U1196,MC,olivedrab4,-86.0573954,37.1502217
U1197,MC,olivedrab4,-86.1076134,37.1937509
U1003,OZ12,olivedrab3,-90.9915479,36.9497268
U1004,OZ12,olivedrab3,-91.0266816,36.9899011
U1005,OZ12,olivedrab3,-90.976738,36.9725664
U1006,OZ12,olivedrab3,-91.017051,37.0038097
U1007,OZ12,olivedrab3,-91.0875782,36.8551332
U1008,OZ12,olivedrab3,-91.0758791,36.8600909
U1009,OZ12,olivedrab3,-91.0801486,36.8607008
U1011,OZ12,olivedrab3,-91.6207906,37.440616
U1012,OZ12,olivedrab3,-91.621364,37.4426326
U1014,OZ12,olivedrab3,-91.6217941,37.4438364
U1016,OZ12,olivedrab3,-91.6845642,37.4549349
U1017,OZ12,olivedrab3,-91.6864475,37.4526215
U1018,OZ12,olivedrab3,-91.6778833,37.4535985
U1019,OZ12,olivedrab3,-91.6797543,37.4519971
U1020,OZ12,olivedrab3,-91.6831085,37.4502589
U1023,OZ12,olivedrab3,-91.4350306,37.1535699
U1024,OZ12,olivedrab3,-91.4333218,37.1556204
U1025,OZ12,olivedrab3,-91.4530303,37.1499936
U1026,OZ12,olivedrab3,-91.4923176,37.3185967
U1027,OZ12,olivedrab3,-91.4876156,37.3195282
U1028,OZ12,olivedrab3,-91.4913399,37.3189538
U1029,OZ12,olivedrab3,-91.5021477,37.1219621
U1030,OZ12,olivedrab3,-91.5100371,37.1248828
U1031,OZ12,olivedrab3,-91.5081775,37.123282
U1032,OZ12,olivedrab3,-91.5072067,37.1228462
U1033,OZ12,olivedrab3,-91.426193,37.1572835
U1034,OZ12,olivedrab3,-91.4290231,37.1620079
U1035,OZ12,olivedrab3,-91.4290561,37.1620444
U1036,OZ12,olivedrab3,-91.4261287,37.1641868
U1037,OZ12,olivedrab3,-91.3187904,37.1718155
U1038,OZ12,olivedrab3,-91.2128706,37.1762406
U1039,OZ12,olivedrab3,-91.2125945,37.1693144
U1040,OZ12,olivedrab3,-91.2133139,37.1674596
U1041,OZ12,olivedrab3,-91.4786173,37.3365106
U1042,OZ12,olivedrab3,-91.4788774,37.3364869
U1044,OZ12,olivedrab3,-91.1733271,37.1864168
U1045,OZ12,olivedrab3,-91.1727674,37.1881387
U1046,OZ12,olivedrab3,-91.5971086,37.4109907
U1047,OZ12,olivedrab3,-91.5975435,37.4106894
U1048,OZ12,olivedrab3,-91.5743008,37.3940166
U1049,OZ12,olivedrab3,-91.5740373,37.3864604
U1050,OZ12,olivedrab3,-91.5740373,37.3864604
U1051,OZ12,olivedrab3,-91.5621698,37.3821076
U1052,OZ12,olivedrab3,-91.5735931,37.3902316
U1053,OZ12,olivedrab3,-91.4937738,37.3812921
U1054,OZ12,olivedrab3,-91.4939237,37.380573
U1055,OZ12,olivedrab3,-91.4637928,37.3405641
U1059,OZ12,olivedrab3,-91.409702,37.2809581
U1061,OZ12,olivedrab3,-91.5731447,37.0538575
U1062,OZ12,olivedrab3,-91.5566615,37.0590212
U1063,OZ12,olivedrab3,-91.5612542,37.0576168
U1064,OZ12,olivedrab3,-91.5617496,37.0569918
U1066,OZ12,olivedrab3,-91.571698,37.0428436
U1067,OZ12,olivedrab3,-91.5709371,37.0480442
U1068,OZ12,olivedrab3,-91.351178,37.2512615
U1069,OZ12,olivedrab3,-91.3313339,37.2441155
U1070,OZ12,olivedrab3,-91.3148523,37.2283887
U1071,OZ12,olivedrab3,-91.3147324,37.2282067
U1072,OZ12,olivedrab3,-91.3254196,37.2153795
U1073,OZ12,olivedrab3,-91.3274237,37.2169942
U1075,OZ12,olivedrab3,-91.3251475,37.2139246
U1076,OZ12,olivedrab3,-91.1714298,37.1669918
U1077,OZ12,olivedrab3,-91.1708877,37.1591151
U1078,OZ12,olivedrab3,-91.1671364,37.1643027
U1079,OZ12,olivedrab3,-91.3235024,37.2022023
U1080,OZ12,olivedrab3,-91.3161526,37.1962666
U1081,OZ12,olivedrab3,-91.3052283,37.1945605
U1082,OZ12,olivedrab3,-91.3051348,37.1947124
U1083,OZ12,olivedrab3,-91.3016879,37.1946811
U1084,OZ12,olivedrab3,-91.1964358,37.1270059
U1085,OZ12,olivedrab3,-91.2025741,37.1254228
U1087,OZ12,olivedrab3,-91.064352,37.1210106
U1088,OZ12,olivedrab3,-91.0644998,37.12095
U1089,OZ12,olivedrab3,-91.0649317,37.1207858
U1090,OZ12,olivedrab3,-91.0653177,37.1206569
U1091,OZ12,olivedrab3,-91.0656809,37.1205366
U1092,OZ12,olivedrab3,-91.6648007,37.0570069
U1093,OZ12,olivedrab3,-91.66822,37.0576312
U1447,OZ12,olivedrab3,-91.0804796,36.8604718
U1448,OZ12,olivedrab3,-91.0760813,36.8600762
U1449,OZ12,olivedrab3,-91.0757303,36.8593134
U1450,OZ12,olivedrab3,-91.1169893,36.8623358
U1451,OZ12,olivedrab3,-91.11715,36.8621852
U1452,OZ12,olivedrab3,-91.1205309,36.8601656
U1453,OZ12,olivedrab3,-91.120576,36.8601573
U1454,OZ12,olivedrab3,-91.1224266,36.8587895
U1455,OZ12,olivedrab3,-91.1223132,36.8588418
U1456,OZ12,olivedrab3,-91.1232354,36.8587392
U1457,OZ12,olivedrab3,-91.5391531,36.7628586
U1458,OZ12,olivedrab3,-91.215315,36.7287231
U1459,OZ12,olivedrab3,-91.330717,36.7960448
U1460,OZ12,olivedrab3,-91.3301763,36.7966862
U1461,OZ12,olivedrab3,-91.3510342,36.8149775
U1462,OZ12,olivedrab3,-91.347895,36.8155108
U1463,OZ12,olivedrab3,-91.2176352,36.7291094
U1464,OZ12,olivedrab3,-91.2182514,36.7281271
U1465,OZ12,olivedrab3,-91.2320698,36.7232225
U1466,OZ12,olivedrab3,-91.2351031,36.7213116
U1467,OZ12,olivedrab3,-91.2371336,36.7216301
U1468,OZ12,olivedrab3,-91.2378179,36.7235331
U1469,OZ12,olivedrab3,-91.2379341,36.7238413
U1470,OZ12,olivedrab3,-91.2408378,36.7266244
U1471,OZ12,olivedrab3,-91.2423581,36.7247721
U1472,OZ12,olivedrab3,-91.2446456,36.7251213
U1473,OZ12,olivedrab3,-91.2459765,36.7256817
U1474,OZ12,olivedrab3,-91.2473718,36.7243953
U1475,OZ12,olivedrab3,-91.3139494,36.7684698
U1476,OZ12,olivedrab3,-91.3125029,36.7690352
U1477,OZ12,olivedrab3,-91.3087843,36.772047
U1479,OZ12,olivedrab3,-91.3053465,36.7729806
U1481,OZ12,olivedrab3,-91.2973972,36.772209
U1482,OZ12,olivedrab3,-91.2714043,36.7856429
U1483,OZ12,olivedrab3,-91.2711898,36.7857119
U1484,OZ12,olivedrab3,-91.2708145,36.7859589
U1485,OZ12,olivedrab3,-91.270462,36.7856833
U1486,OZ12,olivedrab3,-91.2726108,36.7853089
U1487,OZ12,olivedrab3,-91.2727145,36.783688
U1489,OZ12,olivedrab3,-91.2726497,36.7835789
U1490,OZ12,olivedrab3,-91.276128,36.7903805
U1491,OZ12,olivedrab3,-91.2753454,36.7827978
U1492,OZ12,olivedrab3,-91.2774367,36.7809803
U1518,SFNF12,forestgreen,-90.6385585,34.5979811
U1519,SFNF12,forestgreen,-90.639952,34.6007488
U1520,SFNF12,forestgreen,-90.6393897,34.600197
U1521,SFNF12,forestgreen,-90.6277319,34.5726995
U1522,SFNF12,forestgreen,-90.6285549,34.5702002
U1523,SFNF12,forestgreen,-90.63689,34.5949197
U1525,SFNF12,forestgreen,-90.6356132,34.5957334
U1526,SFNF12,forestgreen,-90.6510518,34.6343738
U1527,SFNF12,forestgreen,-90.6512643,34.6338009
U1528,SFNF12,forestgreen,-90.6284119,34.5725505
U1529,SFNF12,forestgreen,-90.6290677,34.5709495
U1530,SFNF12,forestgreen,-90.6509499,34.634507
U1532,SFNF12,forestgreen,-90.6507254,34.6324112
U1535,SFNF12,forestgreen,-90.6371543,34.5971335
U1536,SFNF12,forestgreen,-90.6289704,34.5709205
U1496,SFNF12,forestgreen,-90.6952282,34.7024174
U1500,SFNF12,forestgreen,-90.6949532,34.7013123
U1501,SFNF12,forestgreen,-90.6930121,34.7024205
U1502,SFNF12,forestgreen,-90.7218855,34.702423
U1504,SFNF12,forestgreen,-90.7218831,34.7013141
U1506,SFNF12,forestgreen,-90.6949529,34.7296383
U1507,SFNF12,forestgreen,-90.6941215,34.730479
U1509,SFNF12,forestgreen,-90.7150787,34.6903322
U1510,SFNF12,forestgreen,-90.6907908,34.6971134
U1511,SFNF12,forestgreen,-90.6907523,34.6965357
U1512,SFNF12,forestgreen,-90.6839048,34.7060611
U1513,SFNF12,forestgreen,-90.6905611,34.6975238
U1515,SFNF12,forestgreen,-90.6760222,34.6721307
U1516,SFNF12,forestgreen,-90.676526,34.6724558
U1517,SFNF12,forestgreen,-90.6769304,34.6732118
U2328,WHWI,lightblue3,-89.1104,42.83145
U2329,WHWI,lightblue3,-89.218567,42.83155
U2330,WHWI,lightblue3,-88.812333,42.831567
U2331,WHWI,lightblue3,-88.812483,42.831633
U2332,WHWI,lightblue3,-88.8125,42.830867
U2333,WHWI,lightblue3,-88.81245,42.830783
U2334,WHWI,lightblue3,-88.813283,42.829917
U2335,WHWI,lightblue3,-88.813717,42.83
U2336,WHWI,lightblue3,-88.814683,42.830433
U2337,WHWI,lightblue3,-88.81565,42.8305
U2338,WHWI,lightblue3,-88.8163,42.831117
U2339,WHWI,lightblue3,-88.8162,42.8311
U2340,WHWI,lightblue3,-88.816483,42.831117
U2341,WHWI,lightblue3,-88.81645,42.831183
U2342,WHWI,lightblue3,-88.8162,42.83105
U2343,WHWI,lightblue3,-88.816017,42.831133
U2345,WHWI,lightblue3,-88.8157,42.83125
U2346,WHWI,lightblue3,-88.815067,42.831567
U2347,WHWI,lightblue3,-88.8148,42.831367
U2348,WHWI,lightblue3,-88.814133,42.8313
U2349,WHWI,lightblue3,-88.813767,42.830833
U2350,WHWI,lightblue3,-88.813633,42.8308
U2351,WHWI,lightblue3,-88.812567,42.830683
U2352,WHWI,lightblue3,-88.8126,42.830617
U2353,WHWI,lightblue3,-88.812583,42.8305
U2354,WHWI,lightblue3,-88.81245,42.830383
U2355,WHWI,lightblue3,-88.812633,42.830383
U2356,WHWI,lightblue3,-88.81255,42.830217
U2357,WHWI,lightblue3,-88.812517,42.829983
U2358,WHWI,lightblue3,-88.81245,42.828917
U2359,WHWI,lightblue3,-88.812317,42.828933
U2360,WHWI,lightblue3,-88.812183,42.829717
U2361,WHWI,lightblue3,-88.81245,42.829833
U2362,WHWI,lightblue3,-88.812833,42.829817
U2363,WHWI,lightblue3,-88.812933,42.829983
U2364,WHWI,lightblue3,-88.81295,42.830183
U2365,WHWI,lightblue3,-88.8135,42.83015
U2366,WHWI,lightblue3,-88.81295,42.830033
U2367,WHWI,lightblue3,-88.812817,42.829633
U2308,WWI,dodgerblue2,-89.1117,44.546617
U2309,WWI,dodgerblue2,-89.1118,44.545567
U2310,WWI,dodgerblue2,-89.11175,44.5456
U2311,WWI,dodgerblue2,-89.112033,44.545333
U2312,WWI,dodgerblue2,-89.1124,44.545433
U2313,WWI,dodgerblue2,-89.1125,44.544933
U2314,WWI,dodgerblue2,-89.112617,44.544917
U2315,WWI,dodgerblue2,-89.111817,44.546733
U2316,WWI,dodgerblue2,-89.108817,44.5466
U2317,WWI,dodgerblue2,-89.109933,44.546317
U2318,WWI,dodgerblue2,-89.109433,44.546217
U2319,WWI,dodgerblue2,-89.1092,44.545117
U2320,WWI,dodgerblue2,-89.1096,44.544717
U2322,WWI,dodgerblue2,-89.1128,44.544433
U2323,WWI,dodgerblue2,-89.112833,44.54585
U2324,WWI,dodgerblue2,-89.113667,44.54355
U2325,WWI,dodgerblue2,-89.112633,44.54495
U2326,WWI,dodgerblue2,-89.11265,44.545867
U2520,VSH123,orange3,-78.793487,38.1022573
U2522,VSH123,orange3,-78.7816175,38.1035165
U2524,VSH123,orange3,-78.7805417,38.1041718
U2525,VSH123,orange3,-78.7805417,38.2537572
U2526,VSH123,orange3,-78.7799288,38.2536746
U2533,VSH123,orange3,-78.6894898,38.3119833
U2534,VSH123,orange3,-78.6238036,38.3120197
U2509,VSH123,orange3,-78.1876972,38.7881137
U2510,VSH123,orange3,-78.1907819,38.7757936
U2511,VSH123,orange3,-78.1940075,38.74861
U2512,VSH123,orange3,-78.2088657,38.6569764
U2537,VSH123,orange3,-78.3146542,38.7043689
U2538,VSH123,orange3,-78.3073265,38.7004278
U2539,VSH123,orange3,-78.3045032,38.7088371
U2515,VSH123,orange3,-78.3190152,38.0577588
U2516,VSH123,orange3,-78.3190152,38.0930315
U2519,VSH123,orange3,-78.3190152,38.1020021
U2521,VSH123,orange3,-78.7819445,38.1029423
U2527,VSH123,orange3,-78.6826968,38.253712
U2528,VSH123,orange3,-78.6826194,38.2537185
U2529,VSH123,orange3,-78.6826868,38.2538178
U2531,VSH123,orange3,-78.6825691,38.2492597
